id,title,description,category,price,discountPercentage,rating,stock,tags,brand,sku,weight,dimensions,warrantyInformation,shippingInformation,availabilityStatus,reviews,returnPolicy,minimumOrderQuantity,meta,images,thumbnail
1,Essence Mascara Lash Princess,The Essence Mascara Lash Princess is a popular mascara known for its volumizing and lengthening effects. Achieve dramatic lashes with this long-lasting and cruelty-free formula.,beauty,9.99,10.48,2.56,99,"['beauty', 'mascara']",Essence,BEA-ESS-ESS-001,4,"{'width': 15.14, 'height': 13.08, 'depth': 22.99}",1 week warranty,Ships in 3-5 business days,In Stock,"[{'rating': 3, 'comment': 'Would not recommend!', 'date': '2025-04-30T09:41:02.053Z', 'reviewerName': 'Eleanor Collins', 'reviewerEmail': 'eleanor.collins@x.dummyjson.com'}, {'rating': 4, 'comment': 'Very satisfied!', 'date': '2025-04-30T09:41:02.053Z', 'reviewerName': 'Lucas Gordon', 'reviewerEmail': 'lucas.gordon@x.dummyjson.com'}, {'rating': 5, 'comment': 'Highly impressed!', 'date': '2025-04-30T09:41:02.053Z', 'reviewerName': 'Eleanor Collins', 'reviewerEmail': 'eleanor.collins@x.dummyjson.com'}]",No return policy,48,"{'createdAt': '2025-10-09T14:47:01.588Z', 'updatedAt': '2026-05-23T11:27:41.868Z', 'barcode': '5784719087687', 'qrCode': 'https://cdn.dummyjson.com/public/qr-code.png'}",['https://cdn.dummyjson.com/product-images/beauty/essence-mascara-lash-princess/1.webp'],https://cdn.dummyjson.com/product-images/beauty/essence-mascara-lash-princess/thumbnail.webp
2,Eyeshadow Palette with Mirror,"The Eyeshadow Palette with Mirror offers a versatile range of eyeshadow shades for creating stunning eye looks. With a built-in mirror, it's convenient for on-the-go makeup application.",beauty,19.99,18.19,2.86,34,"['beauty', 'eyeshadow']",Glamour Beauty,BEA-GLA-EYE-002,9,"{'width': 9.26, 'height': 22.47, 'depth': 27.67}",1 year warranty,Ships in 2 weeks,In Stock,"[{'rating': 5, 'comment': 'Great product!', 'date': '2025-04-30T09:41:02.053Z', 'reviewerName': 'Savannah Gomez', 'reviewerEmail': 'savannah.gomez@x.dummyjson.com'}, {'rating': 4, 'comment': 'Awesome product!', 'date': '2025-04-30T09:41:02.053Z', 'reviewerName': 'Christian Perez', 'reviewerEmail': 'christian.perez@x.dummyjson.com'}, {'rating': 1, 'comment': 'Poor quality!', 'date': '2025-04-30T09:41:02.053Z', 'reviewerName': 'Nicholas Bailey', 'reviewerEmail': 'nicholas.bailey@x.dummyjson.com'}]",7 days return policy,20,"{'createdAt': '2024-12-03T11:29:45.706Z', 'updatedAt': '2025-08-24T16:52:47.806Z', 'barcode': '9170275171413', 'qrCode': 'https://cdn.dummyjson.com/public/qr-code.png'}",['https://cdn.dummyjson.com/product-images/beauty/eyeshadow-palette-with-mirror/1.webp'],https://cdn.dummyjson.com/product-images/beauty/eyeshadow-palette-with-mirror/thumbnail.webp
3,Powder Canister,"The Powder Canister is a finely milled setting powder designed to set makeup and control shine. With a lightweight and translucent formula, it provides a smooth and matte finish.",beauty,14.99,9.84,4.64,89,"['beauty', 'face powder']",Velvet Touch,BEA-VEL-POW-003,8,"{'width': 29.27, 'height': 27.93, 'depth': 20.59}",3 months warranty,Ships in 1-2 business days,In Stock,"[{'rating': 4, 'comment': 'Would buy again!', 'date': '2025-04-30T09:41:02.053Z', 'reviewerName': 'Alexander Jones', 'reviewerEmail': 'alexander.jones@x.dummyjson.com'}, {'rating': 5, 'comment': 'Highly impressed!', 'date': '2025-04-30T09:41:02.053Z', 'reviewerName': 'Elijah Cruz', 'reviewerEmail': 'elijah.cruz@x.dummyjson.com'}, {'rating': 1, 'comment': 'Very dissatisfied!', 'date': '2025-04-30T09:41:02.053Z', 'reviewerName': 'Avery Perez', 'reviewerEmail': 'avery.perez@x.dummyjson.com'}]",No return policy,22,"{'createdAt': '2025-01-08T18:30:12.844Z', 'updatedAt': '2025-11-26T14:49:26.980Z', 'barcode': '8418883906837', 'qrCode': 'https://cdn.dummyjson.com/public/qr-code.png'}",['https://cdn.dummyjson.com/product-images/beauty/powder-canister/1.webp'],https://cdn.dummyjson.com/product-images/beauty/powder-canister/thumbnail.webp
4,Red Lipstick,"The Red Lipstick is a classic and bold choice for adding a pop of color to your lips. With a creamy and pigmented formula, it provides a vibrant and long-lasting finish.",beauty,12.99,12.16,4.36,91,"['beauty', 'lipstick']",Chic Cosmetics,BEA-CHI-LIP-004,1,"{'width': 18.11, 'height': 28.38, 'depth': 22.17}",3 year warranty,Ships in 1 week,In Stock,"[{'rating': 4, 'comment': 'Great product!', 'date': '2025-04-30T09:41:02.053Z', 'reviewerName': 'Liam Garcia', 'reviewerEmail': 'liam.garcia@x.dummyjson.com'}, {'rating': 5, 'comment': 'Great product!', 'date': '2025-04-30T09:41:02.053Z', 'reviewerName': 'Ruby Andrews', 'reviewerEmail': 'ruby.andrews@x.dummyjson.com'}, {'rating': 5, 'comment': 'Would buy again!', 'date': '2025-04-30T09:41:02.053Z', 'reviewerName': 'Clara Berry', 'reviewerEmail': 'clara.berry@x.dummyjson.com'}]",7 days return policy,40,"{'createdAt': '2025-11-22T23:28:00.911Z', 'updatedAt': '2026-01-26T01:31:40.721Z', 'barcode': '9467746727219', 'qrCode': 'https://cdn.dummyjson.com/public/qr-code.png'}",['https://cdn.dummyjson.com/product-images/beauty/red-lipstick/1.webp'],https://cdn.dummyjson.com/product-images/beauty/red-lipstick/thumbnail.webp
5,Red Nail Polish,"The Red Nail Polish offers a rich and glossy red hue for vibrant and polished nails. With a quick-drying formula, it provides a salon-quality finish at home.",beauty,8.99,11.44,4.32,79,"['beauty', 'nail polish']",Nail Couture,BEA-NAI-NAI-005,8,"{'width': 21.63, 'height': 16.48, 'depth': 29.84}",1 month warranty,Ships overnight,In Stock,"[{'rating': 2, 'comment': 'Poor quality!', 'date': '2025-04-30T09:41:02.053Z', 'reviewerName': 'Benjamin Wilson', 'reviewerEmail': 'benjamin.wilson@x.dummyjson.com'}, {'rating': 5, 'comment': 'Great product!', 'date': '2025-04-30T09:41:02.053Z', 'reviewerName': 'Liam Smith', 'reviewerEmail': 'liam.smith@x.dummyjson.com'}, {'rating': 1, 'comment': 'Very unhappy with my purchase!', 'date': '2025-04-30T09:41:02.053Z', 'reviewerName': 'Clara Berry', 'reviewerEmail': 'clara.berry@x.dummyjson.com'}]",No return policy,22,"{'createdAt': '2025-10-03T07:39:53.470Z', 'updatedAt': '2026-04-24T00:21:44.635Z', 'barcode': '4063010628104', 'qrCode': 'https://cdn.dummyjson.com/public/qr-code.png'}",['https://cdn.dummyjson.com/product-images/beauty/red-nail-polish/1.webp'],https://cdn.dummyjson.com/product-images/beauty/red-nail-polish/thumbnail.webp
6,Calvin Klein CK One,"CK One by Calvin Klein is a classic unisex fragrance, known for its fresh and clean scent. It's a versatile fragrance suitable for everyday wear.",fragrances,49.99,1.89,4.37,29,"['fragrances', 'perfumes']",Calvin Klein,FRA-CAL-CAL-006,7,"{'width': 29.36, 'height': 27.76, 'depth': 20.72}",1 week warranty,Ships overnight,In Stock,"[{'rating': 2, 'comment': 'Very disappointed!', 'date': '2025-04-30T09:41:02.053Z', 'reviewerName': 'Layla Young', 'reviewerEmail': 'layla.young@x.dummyjson.com'}, {'rating': 4, 'comment': 'Fast shipping!', 'date': '2025-04-30T09:41:02.053Z', 'reviewerName': 'Daniel Cook', 'reviewerEmail': 'daniel.cook@x.dummyjson.com'}, {'rating': 3, 'comment': 'Not as described!', 'date': '2025-04-30T09:41:02.053Z', 'reviewerName': 'Jacob Cooper', 'reviewerEmail': 'jacob.cooper@x.dummyjson.com'}]",90 days return policy,9,"{'createdAt': '2025-02-27T22:08:36.617Z', 'updatedAt': '2025-10-23T02:22:36.410Z', 'barcode': '2451534060749', 'qrCode': 'https://cdn.dummyjson.com/public/qr-code.png'}","['https://cdn.dummyjson.com/product-images/fragrances/calvin-klein-ck-one/1.webp', 'https://cdn.dummyjson.com/product-images/fragrances/calvin-klein-ck-one/2.webp', 'https://cdn.dummyjson.com/product-images/fragrances/calvin-klein-ck-one/3.webp']",https://cdn.dummyjson.com/product-images/fragrances/calvin-klein-ck-one/thumbnail.webp
7,Chanel Coco Noir Eau De,"Coco Noir by Chanel is an elegant and mysterious fragrance, featuring notes of grapefruit, rose, and sandalwood. Perfect for evening occasions.",fragrances,129.99,16.51,4.26,58,"['fragrances', 'perfumes']",Chanel,FRA-CHA-CHA-007,7,"{'width': 24.5, 'height': 25.7, 'depth': 25.98}",3 year warranty,Ships overnight,In Stock,"[{'rating': 4, 'comment': 'Highly impressed!', 'date': '2025-04-30T09:41:02.053Z', 'reviewerName': 'Ruby Andrews', 'reviewerEmail': 'ruby.andrews@x.dummyjson.com'}, {'rating': 5, 'comment': 'Awesome product!', 'date': '2025-04-30T09:41:02.053Z', 'reviewerName': 'Leah Henderson', 'reviewerEmail': 'leah.henderson@x.dummyjson.com'}, {'rating': 5, 'comment': 'Very happy with my purchase!', 'date': '2025-04-30T09:41:02.053Z', 'reviewerName': 'Xavier Wright', 'reviewerEmail': 'xavier.wright@x.dummyjson.com'}]",No return policy,1,"{'createdAt': '2025-04-13T12:15:53.051Z', 'updatedAt': '2025-12-23T23:46:02.892Z', 'barcode': '4091737746820', 'qrCode': 'https://cdn.dummyjson.com/public/qr-code.png'}","['https://cdn.dummyjson.com/product-images/fragrances/chanel-coco-noir-eau-de/1.webp', 'https://cdn.dummyjson.com/product-images/fragrances/chanel-coco-noir-eau-de/2.webp', 'https://cdn.dummyjson.com/product-images/fragrances/chanel-coco-noir-eau-de/3.webp']",https://cdn.dummyjson.com/product-images/fragrances/chanel-coco-noir-eau-de/thumbnail.webp
8,Dior J'adore,"J'adore by Dior is a luxurious and floral fragrance, known for its blend of ylang-ylang, rose, and jasmine. It embodies femininity and sophistication.",fragrances,89.99,14.72,3.8,98,"['fragrances', 'perfumes']",Dior,FRA-DIO-DIO-008,4,"{'width': 27.67, 'height': 28.28, 'depth': 11.83}",1 week warranty,Ships in 2 weeks,In Stock,"[{'rating': 5, 'comment': 'Great value for money!', 'date': '2025-04-30T09:41:02.053Z', 'reviewerName': 'Nicholas Bailey', 'reviewerEmail': 'nicholas.bailey@x.dummyjson.com'}, {'rating': 4, 'comment': 'Great value for money!', 'date': '2025-04-30T09:41:02.053Z', 'reviewerName': 'Penelope Harper', 'reviewerEmail': 'penelope.harper@x.dummyjson.com'}, {'rating': 4, 'comment': 'Great product!', 'date': '2025-04-30T09:41:02.053Z', 'reviewerName': 'Emma Miller', 'reviewerEmail': 'emma.miller@x.dummyjson.com'}]",7 days return policy,10,"{'createdAt': '2025-11-22T12:24:29.033Z', 'updatedAt': '2026-05-11T22:03:20.337Z', 'barcode': '1445086097250', 'qrCode': 'https://cdn.dummyjson.com/public/qr-code.png'}","[""https://cdn.dummyjson.com/product-images/fragrances/dior-j'adore/1.webp"", ""https://cdn.dummyjson.com/product-images/fragrances/dior-j'adore/2.webp"", ""https://cdn.dummyjson.com/product-images/fragrances/dior-j'adore/3.webp""]",https://cdn.dummyjson.com/product-images/fragrances/dior-j'adore/thumbnail.webp
9,Dolce Shine Eau de,"Dolce Shine by Dolce & Gabbana is a vibrant and fruity fragrance, featuring notes of mango, jasmine, and blonde woods. It's a joyful and youthful scent.",fragrances,69.99,0.62,3.96,4,"['fragrances', 'perfumes']",Dolce & Gabbana,FRA-DOL-DOL-009,6,"{'width': 27.28, 'height': 29.88, 'depth': 18.3}",3 year warranty,Ships in 1 month,Low Stock,"[{'rating': 4, 'comment': 'Would buy again!', 'date': '2025-04-30T09:41:02.053Z', 'reviewerName': 'Mateo Bennett', 'reviewerEmail': 'mateo.bennett@x.dummyjson.com'}, {'rating': 4, 'comment': 'Highly recommended!', 'date': '2025-04-30T09:41:02.053Z', 'reviewerName': 'Nolan Gonzalez', 'reviewerEmail': 'nolan.gonzalez@x.dummyjson.com'}, {'rating': 5, 'comment': 'Very happy with my purchase!', 'date': '2025-04-30T09:41:02.053Z', 'reviewerName': 'Aurora Lawson', 'reviewerEmail': 'aurora.lawson@x.dummyjson.com'}]",7 days return policy,2,"{'createdAt': '2024-11-19T07:56:01.798Z', 'updatedAt': '2025-02-01T07:08:45.512Z', 'barcode': '3023868210708', 'qrCode': 'https://cdn.dummyjson.com/public/qr-code.png'}","['https://cdn.dummyjson.com/product-images/fragrances/dolce-shine-eau-de/1.webp', 'https://cdn.dummyjson.com/product-images/fragrances/dolce-shine-eau-de/2.webp', 'https://cdn.dummyjson.com/product-images/fragrances/dolce-shine-eau-de/3.webp']",https://cdn.dummyjson.com/product-images/fragrances/dolce-shine-eau-de/thumbnail.webp
10,Gucci Bloom Eau de,"Gucci Bloom by Gucci is a floral and captivating fragrance, with notes of tuberose, jasmine, and Rangoon creeper. It's a modern and romantic scent.",fragrances,79.99,14.39,2.74,91,"['fragrances', 'perfumes']",Gucci,FRA-GUC-GUC-010,7,"{'width': 20.92, 'height': 21.68, 'depth': 11.2}",6 months warranty,Ships overnight,In Stock,"[{'rating': 1, 'comment': 'Very dissatisfied!', 'date': '2025-04-30T09:41:02.053Z', 'reviewerName': 'Cameron Perez', 'reviewerEmail': 'cameron.perez@x.dummyjson.com'}, {'rating': 5, 'comment': 'Very happy with my purchase!', 'date': '2025-04-30T09:41:02.053Z', 'reviewerName': 'Daniel Cook', 'reviewerEmail': 'daniel.cook@x.dummyjson.com'}, {'rating': 4, 'comment': 'Highly impressed!', 'date': '2025-04-30T09:41:02.053Z', 'reviewerName': 'Addison Wright', 'reviewerEmail': 'addison.wright@x.dummyjson.com'}]",No return policy,2,"{'createdAt': '2026-07-19T20:10:42.419Z', 'updatedAt': '2026-07-27T15:21:17.071Z', 'barcode': '3170832177880', 'qrCode': 'https://cdn.dummyjson.com/public/qr-code.png'}","['https://cdn.dummyjson.com/product-images/fragrances/gucci-bloom-eau-de/1.webp', 'https://cdn.dummyjson.com/product-images/fragrances/gucci-bloom-eau-de/2.webp', 'https://cdn.dummyjson.com/product-images/fragrances/gucci-bloom-eau-de/3.webp']",https://cdn.dummyjson.com/product-images/fragrances/gucci-bloom-eau-de/thumbnail.webp
11,Annibale Colombo Bed,"The Annibale Colombo Bed is a luxurious and elegant bed frame, crafted with high-quality materials for a comfortable and stylish bedroom.",furniture,1899.99,8.57,4.77,88,"['furniture', 'beds']",Annibale Colombo,FUR-ANN-ANN-011,10,"{'width': 28.16, 'height': 25.36, 'depth': 17.28}",1 year warranty,Ships in 1 month,In Stock,"[{'rating': 2, 'comment': 'Would not recommend!', 'date': '2025-04-30T09:41:02.053Z', 'reviewerName': 'Christopher West', 'reviewerEmail': 'christopher.west@x.dummyjson.com'}, {'rating': 4, 'comment': 'Highly impressed!', 'date': '2025-04-30T09:41:02.053Z', 'reviewerName': 'Vivian Carter', 'reviewerEmail': 'vivian.carter@x.dummyjson.com'}, {'rating': 1, 'comment': 'Poor quality!', 'date': '2025-04-30T09:41:02.053Z', 'reviewerName': 'Mason Wright', 'reviewerEmail': 'mason.wright@x.dummyjson.com'}]",No return policy,1,"{'createdAt': '2026-05-31T06:08:47.181Z', 'updatedAt': '2026-06-02T19:49:21.474Z', 'barcode': '3610757456581', 'qrCode': 'https://cdn.dummyjson.com/public/qr-code.png'}","['https://cdn.dummyjson.com/product-images/furniture/annibale-colombo-bed/1.webp', 'https://cdn.dummyjson.com/product-images/furniture/annibale-colombo-bed/2.webp', 'https://cdn.dummyjson.com/product-images/furniture/annibale-colombo-bed/3.webp']",https://cdn.dummyjson.com/product-images/furniture/annibale-colombo-bed/thumbnail.webp
12,Annibale Colombo Sofa,"The Annibale Colombo Sofa is a sophisticated and comfortable seating option, featuring exquisite design and premium upholstery for your living room.",furniture,2499.99,14.4,3.92,60,"['furniture', 'sofas']",Annibale Colombo,FUR-ANN-ANN-012,6,"{'width': 12.75, 'height': 20.55, 'depth': 19.06}",Lifetime warranty,Ships in 1 week,In Stock,"[{'rating': 3, 'comment': 'Very unhappy with my purchase!', 'date': '2025-04-30T09:41:02.053Z', 'reviewerName': 'Christian Perez', 'reviewerEmail': 'christian.perez@x.dummyjson.com'}, {'rating': 5, 'comment': 'Fast shipping!', 'date': '2025-04-30T09:41:02.053Z', 'reviewerName': 'Lillian Bishop', 'reviewerEmail': 'lillian.bishop@x.dummyjson.com'}, {'rating': 1, 'comment': 'Poor quality!', 'date': '2025-04-30T09:41:02.053Z', 'reviewerName': 'Lillian Simmons', 'reviewerEmail': 'lillian.simmons@x.dummyjson.com'}]",7 days return policy,1,"{'createdAt': '2024-10-15T17:11:42.387Z', 'updatedAt': '2025-05-26T20:53:48.329Z', 'barcode': '1777662847736', 'qrCode': 'https://cdn.dummyjson.com/public/qr-code.png'}","['https://cdn.dummyjson.com/product-images/furniture/annibale-colombo-sofa/1.webp', 'https://cdn.dummyjson.com/product-images/furniture/annibale-colombo-sofa/2.webp', 'https://cdn.dummyjson.com/product-images/furniture/annibale-colombo-sofa/3.webp']",https://cdn.dummyjson.com/product-images/furniture/annibale-colombo-sofa/thumbnail.webp
13,Bedside Table African Cherry,"The Bedside Table in African Cherry is a stylish and functional addition to your bedroom, providing convenient storage space and a touch of elegance.",furniture,299.99,19.09,2.87,64,"['furniture', 'bedside tables']",Furniture Co.,FUR-FUR-BED-013,2,"{'width': 13.47, 'height': 24.99, 'depth': 27.35}",5 year warranty,Ships overnight,In Stock,"[{'rating': 4, 'comment': 'Excellent quality!', 'date': '2025-04-30T09:41:02.053Z', 'reviewerName': 'Aaliyah Hanson', 'reviewerEmail': 'aaliyah.hanson@x.dummyjson.com'}, {'rating': 4, 'comment': 'Excellent quality!', 'date': '2025-04-30T09:41:02.053Z', 'reviewerName': 'Liam Smith', 'reviewerEmail': 'liam.smith@x.dummyjson.com'}, {'rating': 4, 'comment': 'Highly recommended!', 'date': '2025-04-30T09:41:02.053Z', 'reviewerName': 'Avery Barnes', 'reviewerEmail': 'avery.barnes@x.dummyjson.com'}]",7 days return policy,3,"{'createdAt': '2025-01-02T18:14:51.517Z', 'updatedAt': '2025-11-03T04:42:17.912Z', 'barcode': '6441287925979', 'qrCode': 'https://cdn.dummyjson.com/public/qr-code.png'}","['https://cdn.dummyjson.com/product-images/furniture/bedside-table-african-cherry/1.webp', 'https://cdn.dummyjson.com/product-images/furniture/bedside-table-african-cherry/2.webp', 'https://cdn.dummyjson.com/product-images/furniture/bedside-table-african-cherry/3.webp']",https://cdn.dummyjson.com/product-images/furniture/bedside-table-african-cherry/thumbnail.webp
14,Knoll Saarinen Executive Conference Chair,"The Knoll Saarinen Executive Conference Chair is a modern and ergonomic chair, perfect for your office or conference room with its timeless design.",furniture,499.99,2.01,4.88,26,"['furniture', 'office chairs']",Knoll,FUR-KNO-KNO-014,10,"{'width': 13.81, 'height': 7.5, 'depth': 5.62}",2 year warranty,Ships overnight,In Stock,"[{'rating': 2, 'comment': 'Waste of money!', 'date': '2025-04-30T09:41:02.053Z', 'reviewerName': 'Ella Cook', 'reviewerEmail': 'ella.cook@x.dummyjson.com'}, {'rating': 2, 'comment': 'Very dissatisfied!', 'date': '2025-04-30T09:41:02.053Z', 'reviewerName': 'Clara Berry', 'reviewerEmail': 'clara.berry@x.dummyjson.com'}, {'rating': 5, 'comment': 'Would buy again!', 'date': '2025-04-30T09:41:02.053Z', 'reviewerName': 'Elena Long', 'reviewerEmail': 'elena.long@x.dummyjson.com'}]",60 days return policy,5,"{'createdAt': '2025-07-05T18:32:17.642Z', 'updatedAt': '2025-09-13T11:11:13.923Z', 'barcode': '8919386859966', 'qrCode': 'https://cdn.dummyjson.com/public/qr-code.png'}","['https://cdn.dummyjson.com/product-images/furniture/knoll-saarinen-executive-conference-chair/1.webp', 'https://cdn.dummyjson.com/product-images/furniture/knoll-saarinen-executive-conference-chair/2.webp', 'https://cdn.dummyjson.com/product-images/furniture/knoll-saarinen-executive-conference-chair/3.webp']",https://cdn.dummyjson.com/product-images/furniture/knoll-saarinen-executive-conference-chair/thumbnail.webp
15,Wooden Bathroom Sink With Mirror,"The Wooden Bathroom Sink with Mirror is a unique and stylish addition to your bathroom, featuring a wooden sink countertop and a matching mirror.",furniture,799.99,8.8,3.59,7,"['furniture', 'bathroom']",Bath Trends,FUR-BAT-WOO-015,10,"{'width': 7.98, 'height': 8.88, 'depth': 28.46}",3 year warranty,Ships in 3-5 business days,Low Stock,"[{'rating': 4, 'comment': 'Fast shipping!', 'date': '2025-04-30T09:41:02.053Z', 'reviewerName': 'Logan Torres', 'reviewerEmail': 'logan.torres@x.dummyjson.com'}, {'rating': 5, 'comment': 'Very pleased!', 'date': '2025-04-30T09:41:02.053Z', 'reviewerName': 'Aria Parker', 'reviewerEmail': 'aria.parker@x.dummyjson.com'}, {'rating': 3, 'comment': 'Poor quality!', 'date': '2025-04-30T09:41:02.053Z', 'reviewerName': 'Dylan Wells', 'reviewerEmail': 'dylan.wells@x.dummyjson.com'}]",60 days return policy,2,"{'createdAt': '2024-10-08T09:12:20.659Z', 'updatedAt': '2026-08-22T08:09:35.091Z', 'barcode': '1958104402873', 'qrCode': 'https://cdn.dummyjson.com/public/qr-code.png'}","['https://cdn.dummyjson.com/product-images/furniture/wooden-bathroom-sink-with-mirror/1.webp', 'https://cdn.dummyjson.com/product-images/furniture/wooden-bathroom-sink-with-mirror/2.webp', 'https://cdn.dummyjson.com/product-images/furniture/wooden-bathroom-sink-with-mirror/3.webp']",https://cdn.dummyjson.com/product-images/furniture/wooden-bathroom-sink-with-mirror/thumbnail.webp
16,Apple,"Fresh and crisp apples, perfect for snacking or incorporating into various recipes.",groceries,1.99,12.62,4.19,8,['fruits'],,GRO-BRD-APP-016,9,"{'width': 13.66, 'height': 11.01, 'depth': 9.73}",3 year warranty,Ships in 2 weeks,In Stock,"[{'rating': 5, 'comment': 'Very satisfied!', 'date': '2025-04-30T09:41:02.053Z', 'reviewerName': 'Sophia Brown', 'reviewerEmail': 'sophia.brown@x.dummyjson.com'}, {'rating': 1, 'comment': 'Very dissatisfied!', 'date': '2025-04-30T09:41:02.053Z', 'reviewerName': 'Scarlett Bowman', 'reviewerEmail': 'scarlett.bowman@x.dummyjson.com'}, {'rating': 3, 'comment': 'Very unhappy with my purchase!', 'date': '2025-04-30T09:41:02.053Z', 'reviewerName': 'William Gonzalez', 'reviewerEmail': 'william.gonzalez@x.dummyjson.com'}]",90 days return policy,7,"{'createdAt': '2026-03-03T03:28:19.029Z', 'updatedAt': '2026-04-21T05:42:48.171Z', 'barcode': '7962803553314', 'qrCode': 'https://cdn.dummyjson.com/public/qr-code.png'}",['https://cdn.dummyjson.com/product-images/groceries/apple/1.webp'],https://cdn.dummyjson.com/product-images/groceries/apple/thumbnail.webp
17,Beef Steak,"High-quality beef steak, great for grilling or cooking to your preferred level of doneness.",groceries,12.99,9.61,4.47,86,['meat'],,GRO-BRD-BEE-017,10,"{'width': 18.9, 'height': 5.77, 'depth': 18.57}",3 year warranty,Ships overnight,In Stock,"[{'rating': 3, 'comment': 'Would not recommend!', 'date': '2025-04-30T09:41:02.053Z', 'reviewerName': 'Eleanor Tyler', 'reviewerEmail': 'eleanor.tyler@x.dummyjson.com'}, {'rating': 4, 'comment': 'Fast shipping!', 'date': '2025-04-30T09:41:02.053Z', 'reviewerName': 'Alexander Jones', 'reviewerEmail': 'alexander.jones@x.dummyjson.com'}, {'rating': 5, 'comment': 'Great value for money!', 'date': '2025-04-30T09:41:02.053Z', 'reviewerName': 'Natalie Harris', 'reviewerEmail': 'natalie.harris@x.dummyjson.com'}]",60 days return policy,43,"{'createdAt': '2024-10-02T14:03:32.118Z', 'updatedAt': '2025-10-24T16:51:22.869Z', 'barcode': '5640063409695', 'qrCode': 'https://cdn.dummyjson.com/public/qr-code.png'}",['https://cdn.dummyjson.com/product-images/groceries/beef-steak/1.webp'],https://cdn.dummyjson.com/product-images/groceries/beef-steak/thumbnail.webp
18,Cat Food,Nutritious cat food formulated to meet the dietary needs of your feline friend.,groceries,8.99,9.58,3.13,46,"['pet supplies', 'cat food']",,GRO-BRD-FOO-018,10,"{'width': 18.08, 'height': 9.26, 'depth': 21.86}",1 year warranty,Ships overnight,In Stock,"[{'rating': 3, 'comment': 'Would not recommend!', 'date': '2025-04-30T09:41:02.053Z', 'reviewerName': 'Noah Lewis', 'reviewerEmail': 'noah.lewis@x.dummyjson.com'}, {'rating': 3, 'comment': 'Very unhappy with my purchase!', 'date': '2025-04-30T09:41:02.053Z', 'reviewerName': 'Ruby Andrews', 'reviewerEmail': 'ruby.andrews@x.dummyjson.com'}, {'rating': 2, 'comment': 'Very disappointed!', 'date': '2025-04-30T09:41:02.053Z', 'reviewerName': 'Ethan Thompson', 'reviewerEmail': 'ethan.thompson@x.dummyjson.com'}]",No return policy,18,"{'createdAt': '2025-02-18T18:35:51.211Z', 'updatedAt': '2026-08-16T13:50:03.194Z', 'barcode': '1483991328610', 'qrCode': 'https://cdn.dummyjson.com/public/qr-code.png'}",['https://cdn.dummyjson.com/product-images/groceries/cat-food/1.webp'],https://cdn.dummyjson.com/product-images/groceries/cat-food/thumbnail.webp
19,Chicken Meat,"Fresh and tender chicken meat, suitable for various culinary preparations.",groceries,9.99,13.7,3.19,97,['meat'],,GRO-BRD-CHI-019,1,"{'width': 11.03, 'height': 22.11, 'depth': 16.01}",1 year warranty,Ships in 1 month,In Stock,"[{'rating': 5, 'comment': 'Great product!', 'date': '2025-04-30T09:41:02.053Z', 'reviewerName': 'Mateo Bennett', 'reviewerEmail': 'mateo.bennett@x.dummyjson.com'}, {'rating': 4, 'comment': 'Highly recommended!', 'date': '2025-04-30T09:41:02.053Z', 'reviewerName': 'Jackson Evans', 'reviewerEmail': 'jackson.evans@x.dummyjson.com'}, {'rating': 3, 'comment': 'Not worth the price!', 'date': '2025-04-30T09:41:02.053Z', 'reviewerName': 'Sadie Morales', 'reviewerEmail': 'sadie.morales@x.dummyjson.com'}]",7 days return policy,22,"{'createdAt': '2026-02-15T02:18:37.851Z', 'updatedAt': '2026-03-15T17:47:08.150Z', 'barcode': '8829514594521', 'qrCode': 'https://cdn.dummyjson.com/public/qr-code.png'}","['https://cdn.dummyjson.com/product-images/groceries/chicken-meat/1.webp', 'https://cdn.dummyjson.com/product-images/groceries/chicken-meat/2.webp']",https://cdn.dummyjson.com/product-images/groceries/chicken-meat/thumbnail.webp
20,Cooking Oil,"Versatile cooking oil suitable for frying, sautéing, and various culinary applications.",groceries,4.99,9.33,4.8,10,['cooking essentials'],,GRO-BRD-COO-020,5,"{'width': 19.95, 'height': 27.54, 'depth': 24.86}",Lifetime warranty,Ships in 1-2 business days,In Stock,"[{'rating': 5, 'comment': 'Very happy with my purchase!', 'date': '2025-04-30T09:41:02.053Z', 'reviewerName': 'Victoria McDonald', 'reviewerEmail': 'victoria.mcdonald@x.dummyjson.com'}, {'rating': 2, 'comment': 'Would not recommend!', 'date': '2025-04-30T09:41:02.053Z', 'reviewerName': 'Hazel Evans', 'reviewerEmail': 'hazel.evans@x.dummyjson.com'}, {'rating': 5, 'comment': 'Would buy again!', 'date': '2025-04-30T09:41:02.053Z', 'reviewerName': 'Zoe Bennett', 'reviewerEmail': 'zoe.bennett@x.dummyjson.com'}]",30 days return policy,46,"{'createdAt': '2025-09-25T15:34:34.194Z', 'updatedAt': '2025-12-10T00:52:49.501Z', 'barcode': '4874727824518', 'qrCode': 'https://cdn.dummyjson.com/public/qr-code.png'}",['https://cdn.dummyjson.com/product-images/groceries/cooking-oil/1.webp'],https://cdn.dummyjson.com/product-images/groceries/cooking-oil/thumbnail.webp
21,Cucumber,"Crisp and hydrating cucumbers, ideal for salads, snacks, or as a refreshing side.",groceries,1.49,0.16,4.07,84,['vegetables'],,GRO-BRD-CUC-021,4,"{'width': 12.8, 'height': 28.38, 'depth': 21.34}",2 year warranty,Ships in 1-2 business days,In Stock,"[{'rating': 4, 'comment': 'Great product!', 'date': '2025-04-30T09:41:02.053Z', 'reviewerName': 'Lincoln Kelly', 'reviewerEmail': 'lincoln.kelly@x.dummyjson.com'}, {'rating': 4, 'comment': 'Great value for money!', 'date': '2025-04-30T09:41:02.053Z', 'reviewerName': 'Savannah Gomez', 'reviewerEmail': 'savannah.gomez@x.dummyjson.com'}, {'rating': 2, 'comment': 'Poor quality!', 'date': '2025-04-30T09:41:02.053Z', 'reviewerName': 'James Davis', 'reviewerEmail': 'james.davis@x.dummyjson.com'}]",7 days return policy,2,"{'createdAt': '2025-01-12T11:53:56.805Z', 'updatedAt': '2025-03-07T00:03:35.835Z', 'barcode': '5300066378225', 'qrCode': 'https://cdn.dummyjson.com/public/qr-code.png'}",['https://cdn.dummyjson.com/product-images/groceries/cucumber/1.webp'],https://cdn.dummyjson.com/product-images/groceries/cucumber/thumbnail.webp
22,Dog Food,Specially formulated dog food designed to provide essential nutrients for your canine companion.,groceries,10.99,10.27,4.55,71,"['pet supplies', 'dog food']",,GRO-BRD-FOO-022,10,"{'width': 16.93, 'height': 27.15, 'depth': 9.29}",No warranty,Ships in 1-2 business days,In Stock,"[{'rating': 5, 'comment': 'Excellent quality!', 'date': '2025-04-30T09:41:02.053Z', 'reviewerName': 'Nicholas Edwards', 'reviewerEmail': 'nicholas.edwards@x.dummyjson.com'}, {'rating': 5, 'comment': 'Awesome product!', 'date': '2025-04-30T09:41:02.053Z', 'reviewerName': 'Zachary Lee', 'reviewerEmail': 'zachary.lee@x.dummyjson.com'}, {'rating': 4, 'comment': 'Great product!', 'date': '2025-04-30T09:41:02.053Z', 'reviewerName': 'Nova Cooper', 'reviewerEmail': 'nova.cooper@x.dummyjson.com'}]",60 days return policy,43,"{'createdAt': '2025-07-10T03:33:14.471Z', 'updatedAt': '2026-05-15T13:09:53.695Z', 'barcode': '5906686116469', 'qrCode': 'https://cdn.dummyjson.com/public/qr-code.png'}",['https://cdn.dummyjson.com/product-images/groceries/dog-food/1.webp'],https://cdn.dummyjson.com/product-images/groceries/dog-food/thumbnail.webp
23,Eggs,"Fresh eggs, a versatile ingredient for baking, cooking, or breakfast.",groceries,2.99,11.05,2.53,9,['dairy'],,GRO-BRD-EGG-023,2,"{'width': 11.42, 'height': 7.44, 'depth': 16.95}",1 week warranty,Ships in 1 week,In Stock,"[{'rating': 3, 'comment': 'Disappointing product!', 'date': '2025-04-30T09:41:02.053Z', 'reviewerName': 'Penelope King', 'reviewerEmail': 'penelope.king@x.dummyjson.com'}, {'rating': 3, 'comment': 'Poor quality!', 'date': '2025-04-30T09:41:02.053Z', 'reviewerName': 'Eleanor Tyler', 'reviewerEmail': 'eleanor.tyler@x.dummyjson.com'}, {'rating': 4, 'comment': 'Very pleased!', 'date': '2025-04-30T09:41:02.053Z', 'reviewerName': 'Benjamin Foster', 'reviewerEmail': 'benjamin.foster@x.dummyjson.com'}]",No return policy,32,"{'createdAt': '2026-02-06T14:03:24.867Z', 'updatedAt': '2026-08-20T05:44:35.354Z', 'barcode': '3478638588469', 'qrCode': 'https://cdn.dummyjson.com/public/qr-code.png'}",['https://cdn.dummyjson.com/product-images/groceries/eggs/1.webp'],https://cdn.dummyjson.com/product-images/groceries/eggs/thumbnail.webp
24,Fish Steak,"Quality fish steak, suitable for grilling, baking, or pan-searing.",groceries,14.99,4.23,3.78,74,['seafood'],,GRO-BRD-FIS-024,6,"{'width': 14.95, 'height': 26.31, 'depth': 11.27}",1 month warranty,Ships in 3-5 business days,In Stock,"[{'rating': 2, 'comment': 'Would not buy again!', 'date': '2025-04-30T09:41:02.053Z', 'reviewerName': 'Caleb Perkins', 'reviewerEmail': 'caleb.perkins@x.dummyjson.com'}, {'rating': 5, 'comment': 'Excellent quality!', 'date': '2025-04-30T09:41:02.053Z', 'reviewerName': 'Isabella Jackson', 'reviewerEmail': 'isabella.jackson@x.dummyjson.com'}, {'rating': 4, 'comment': 'Great value for money!', 'date': '2025-04-30T09:41:02.053Z', 'reviewerName': 'Nathan Dixon', 'reviewerEmail': 'nathan.dixon@x.dummyjson.com'}]",60 days return policy,50,"{'createdAt': '2025-05-24T22:00:13.090Z', 'updatedAt': '2025-12-05T01:25:43.902Z', 'barcode': '9595036192098', 'qrCode': 'https://cdn.dummyjson.com/public/qr-code.png'}",['https://cdn.dummyjson.com/product-images/groceries/fish-steak/1.webp'],https://cdn.dummyjson.com/product-images/groceries/fish-steak/thumbnail.webp
25,Green Bell Pepper,"Fresh and vibrant green bell pepper, perfect for adding color and flavor to your dishes.",groceries,1.29,0.16,3.25,33,['vegetables'],,GRO-BRD-GRE-025,2,"{'width': 15.33, 'height': 26.65, 'depth': 14.44}",1 month warranty,Ships in 1 week,In Stock,"[{'rating': 4, 'comment': 'Highly recommended!', 'date': '2025-04-30T09:41:02.053Z', 'reviewerName': 'Avery Carter', 'reviewerEmail': 'avery.carter@x.dummyjson.com'}, {'rating': 3, 'comment': 'Would not recommend!', 'date': '2025-04-30T09:41:02.053Z', 'reviewerName': 'Henry Hill', 'reviewerEmail': 'henry.hill@x.dummyjson.com'}, {'rating': 5, 'comment': 'Excellent quality!', 'date': '2025-04-30T09:41:02.053Z', 'reviewerName': 'Addison Wright', 'reviewerEmail': 'addison.wright@x.dummyjson.com'}]",30 days return policy,12,"{'createdAt': '2024-12-16T06:21:20.741Z', 'updatedAt': '2025-03-26T10:22:41.216Z', 'barcode': '2365227493323', 'qrCode': 'https://cdn.dummyjson.com/public/qr-code.png'}",['https://cdn.dummyjson.com/product-images/groceries/green-bell-pepper/1.webp'],https://cdn.dummyjson.com/product-images/groceries/green-bell-pepper/thumbnail.webp
26,Green Chili Pepper,"Spicy green chili pepper, ideal for adding heat to your favorite recipes.",groceries,0.99,1.0,3.66,3,['vegetables'],,GRO-BRD-GRE-026,7,"{'width': 15.38, 'height': 18.12, 'depth': 19.92}",2 year warranty,Ships in 1 week,Low Stock,"[{'rating': 4, 'comment': 'Great product!', 'date': '2025-04-30T09:41:02.053Z', 'reviewerName': 'Luna Russell', 'reviewerEmail': 'luna.russell@x.dummyjson.com'}, {'rating': 1, 'comment': 'Waste of money!', 'date': '2025-04-30T09:41:02.053Z', 'reviewerName': 'Noah Lewis', 'reviewerEmail': 'noah.lewis@x.dummyjson.com'}, {'rating': 3, 'comment': 'Very disappointed!', 'date': '2025-04-30T09:41:02.053Z', 'reviewerName': 'Clara Berry', 'reviewerEmail': 'clara.berry@x.dummyjson.com'}]",30 days return policy,39,"{'createdAt': '2025-08-13T07:35:11.030Z', 'updatedAt': '2026-07-07T04:30:44.059Z', 'barcode': '9335000538563', 'qrCode': 'https://cdn.dummyjson.com/public/qr-code.png'}",['https://cdn.dummyjson.com/product-images/groceries/green-chili-pepper/1.webp'],https://cdn.dummyjson.com/product-images/groceries/green-chili-pepper/thumbnail.webp
27,Honey Jar,"Pure and natural honey in a convenient jar, perfect for sweetening beverages or drizzling over food.",groceries,6.99,14.4,3.97,34,['condiments'],,GRO-BRD-HON-027,2,"{'width': 9.28, 'height': 21.72, 'depth': 17.74}",1 month warranty,Ships in 1-2 business days,In Stock,"[{'rating': 1, 'comment': 'Very disappointed!', 'date': '2025-04-30T09:41:02.053Z', 'reviewerName': 'Autumn Gomez', 'reviewerEmail': 'autumn.gomez@x.dummyjson.com'}, {'rating': 4, 'comment': 'Highly impressed!', 'date': '2025-04-30T09:41:02.053Z', 'reviewerName': 'Benjamin Wilson', 'reviewerEmail': 'benjamin.wilson@x.dummyjson.com'}, {'rating': 2, 'comment': 'Very disappointed!', 'date': '2025-04-30T09:41:02.053Z', 'reviewerName': 'Nicholas Edwards', 'reviewerEmail': 'nicholas.edwards@x.dummyjson.com'}]",90 days return policy,47,"{'createdAt': '2024-09-24T17:38:48.991Z', 'updatedAt': '2025-01-10T02:20:32.078Z', 'barcode': '6354306346329', 'qrCode': 'https://cdn.dummyjson.com/public/qr-code.png'}",['https://cdn.dummyjson.com/product-images/groceries/honey-jar/1.webp'],https://cdn.dummyjson.com/product-images/groceries/honey-jar/thumbnail.webp
28,Ice Cream,"Creamy and delicious ice cream, available in various flavors for a delightful treat.",groceries,5.49,8.69,3.39,27,['desserts'],,GRO-BRD-CRE-028,1,"{'width': 14.83, 'height': 15.07, 'depth': 24.2}",1 month warranty,Ships in 2 weeks,In Stock,"[{'rating': 5, 'comment': 'Very pleased!', 'date': '2025-04-30T09:41:02.053Z', 'reviewerName': 'Elijah Cruz', 'reviewerEmail': 'elijah.cruz@x.dummyjson.com'}, {'rating': 4, 'comment': 'Excellent quality!', 'date': '2025-04-30T09:41:02.053Z', 'reviewerName': 'Jace Smith', 'reviewerEmail': 'jace.smith@x.dummyjson.com'}, {'rating': 5, 'comment': 'Highly impressed!', 'date': '2025-04-30T09:41:02.053Z', 'reviewerName': 'Sadie Morales', 'reviewerEmail': 'sadie.morales@x.dummyjson.com'}]",No return policy,42,"{'createdAt': '2025-10-23T18:27:08.836Z', 'updatedAt': '2025-11-04T01:48:01.853Z', 'barcode': '0788954559076', 'qrCode': 'https://cdn.dummyjson.com/public/qr-code.png'}","['https://cdn.dummyjson.com/product-images/groceries/ice-cream/1.webp', 'https://cdn.dummyjson.com/product-images/groceries/ice-cream/2.webp', 'https://cdn.dummyjson.com/product-images/groceries/ice-cream/3.webp', 'https://cdn.dummyjson.com/product-images/groceries/ice-cream/4.webp']",https://cdn.dummyjson.com/product-images/groceries/ice-cream/thumbnail.webp
29,Juice,"Refreshing fruit juice, packed with vitamins and great for staying hydrated.",groceries,3.99,12.06,3.94,50,['beverages'],,GRO-BRD-JUI-029,1,"{'width': 18.56, 'height': 21.46, 'depth': 28.02}",6 months warranty,Ships in 1 week,In Stock,"[{'rating': 5, 'comment': 'Excellent quality!', 'date': '2025-04-30T09:41:02.053Z', 'reviewerName': 'Nolan Gonzalez', 'reviewerEmail': 'nolan.gonzalez@x.dummyjson.com'}, {'rating': 4, 'comment': 'Would buy again!', 'date': '2025-04-30T09:41:02.053Z', 'reviewerName': 'Bella Grant', 'reviewerEmail': 'bella.grant@x.dummyjson.com'}, {'rating': 5, 'comment': 'Awesome product!', 'date': '2025-04-30T09:41:02.053Z', 'reviewerName': 'Aria Flores', 'reviewerEmail': 'aria.flores@x.dummyjson.com'}]",No return policy,25,"{'createdAt': '2026-04-01T05:44:29.516Z', 'updatedAt': '2026-07-04T11:56:17.202Z', 'barcode': '6936112580956', 'qrCode': 'https://cdn.dummyjson.com/public/qr-code.png'}",['https://cdn.dummyjson.com/product-images/groceries/juice/1.webp'],https://cdn.dummyjson.com/product-images/groceries/juice/thumbnail.webp
30,Kiwi,"Nutrient-rich kiwi, perfect for snacking or adding a tropical twist to your dishes.",groceries,2.49,15.22,4.93,99,['fruits'],,GRO-BRD-KIW-030,5,"{'width': 19.4, 'height': 18.67, 'depth': 17.13}",6 months warranty,Ships overnight,In Stock,"[{'rating': 4, 'comment': 'Highly recommended!', 'date': '2025-04-30T09:41:02.053Z', 'reviewerName': 'Emily Brown', 'reviewerEmail': 'emily.brown@x.dummyjson.com'}, {'rating': 2, 'comment': 'Would not buy again!', 'date': '2025-04-30T09:41:02.053Z', 'reviewerName': 'Jackson Morales', 'reviewerEmail': 'jackson.morales@x.dummyjson.com'}, {'rating': 4, 'comment': 'Fast shipping!', 'date': '2025-04-30T09:41:02.053Z', 'reviewerName': 'Nora Russell', 'reviewerEmail': 'nora.russell@x.dummyjson.com'}]",7 days return policy,30,"{'createdAt': '2025-08-27T05:46:53.584Z', 'updatedAt': '2026-07-21T17:09:19.864Z', 'barcode': '2530169917252', 'qrCode': 'https://cdn.dummyjson.com/public/qr-code.png'}",['https://cdn.dummyjson.com/product-images/groceries/kiwi/1.webp'],https://cdn.dummyjson.com/product-images/groceries/kiwi/thumbnail.webp
31,Lemon,"Zesty and tangy lemons, versatile for cooking, baking, or making refreshing beverages.",groceries,0.79,9.7,3.53,31,['fruits'],,GRO-BRD-LEM-031,3,"{'width': 23.77, 'height': 9.22, 'depth': 12.05}",No warranty,Ships in 1 month,In Stock,"[{'rating': 5, 'comment': 'Awesome product!', 'date': '2025-04-30T09:41:02.053Z', 'reviewerName': 'Logan Lawson', 'reviewerEmail': 'logan.lawson@x.dummyjson.com'}, {'rating': 5, 'comment': 'Highly impressed!', 'date': '2025-04-30T09:41:02.053Z', 'reviewerName': 'Avery Perez', 'reviewerEmail': 'avery.perez@x.dummyjson.com'}, {'rating': 5, 'comment': 'Very satisfied!', 'date': '2025-04-30T09:41:02.053Z', 'reviewerName': 'Benjamin Foster', 'reviewerEmail': 'benjamin.foster@x.dummyjson.com'}]",7 days return policy,29,"{'createdAt': '2026-07-14T02:16:12.508Z', 'updatedAt': '2026-07-15T16:45:21.149Z', 'barcode': '4871812433378', 'qrCode': 'https://cdn.dummyjson.com/public/qr-code.png'}",['https://cdn.dummyjson.com/product-images/groceries/lemon/1.webp'],https://cdn.dummyjson.com/product-images/groceries/lemon/thumbnail.webp
32,Milk,"Fresh and nutritious milk, a staple for various recipes and daily consumption.",groceries,3.49,13.74,2.61,27,['dairy'],,GRO-BRD-MIL-032,5,"{'width': 12.92, 'height': 15.76, 'depth': 11.29}",3 year warranty,Ships in 2 weeks,In Stock,"[{'rating': 4, 'comment': 'Very satisfied!', 'date': '2025-04-30T09:41:02.053Z', 'reviewerName': 'Nicholas Bailey', 'reviewerEmail': 'nicholas.bailey@x.dummyjson.com'}, {'rating': 3, 'comment': 'Would not buy again!', 'date': '2025-04-30T09:41:02.053Z', 'reviewerName': 'Harper Turner', 'reviewerEmail': 'harper.turner@x.dummyjson.com'}, {'rating': 5, 'comment': 'Great value for money!', 'date': '2025-04-30T09:41:02.053Z', 'reviewerName': 'Autumn Gomez', 'reviewerEmail': 'autumn.gomez@x.dummyjson.com'}]",7 days return policy,5,"{'createdAt': '2025-10-09T21:48:25.209Z', 'updatedAt': '2026-03-04T02:36:54.572Z', 'barcode': '9835034508303', 'qrCode': 'https://cdn.dummyjson.com/public/qr-code.png'}",['https://cdn.dummyjson.com/product-images/groceries/milk/1.webp'],https://cdn.dummyjson.com/product-images/groceries/milk/thumbnail.webp
33,Mulberry,"Sweet and juicy mulberries, perfect for snacking or adding to desserts and cereals.",groceries,4.99,12.87,4.95,99,['fruits'],,GRO-BRD-MUL-033,5,"{'width': 12.8, 'height': 18.54, 'depth': 6.31}",2 year warranty,Ships in 1 week,In Stock,"[{'rating': 5, 'comment': 'Fast shipping!', 'date': '2025-04-30T09:41:02.053Z', 'reviewerName': 'Avery Barnes', 'reviewerEmail': 'avery.barnes@x.dummyjson.com'}, {'rating': 2, 'comment': 'Not worth the price!', 'date': '2025-04-30T09:41:02.053Z', 'reviewerName': 'Sadie Morales', 'reviewerEmail': 'sadie.morales@x.dummyjson.com'}, {'rating': 1, 'comment': 'Would not buy again!', 'date': '2025-04-30T09:41:02.053Z', 'reviewerName': 'Oscar Powers', 'reviewerEmail': 'oscar.powers@x.dummyjson.com'}]",No return policy,43,"{'createdAt': '2026-01-29T06:11:10.017Z', 'updatedAt': '2026-06-07T10:56:27.846Z', 'barcode': '2206629068605', 'qrCode': 'https://cdn.dummyjson.com/public/qr-code.png'}",['https://cdn.dummyjson.com/product-images/groceries/mulberry/1.webp'],https://cdn.dummyjson.com/product-images/groceries/mulberry/thumbnail.webp
34,Nescafe Coffee,"Quality coffee from Nescafe, available in various blends for a rich and satisfying cup.",groceries,7.99,1.59,4.82,57,"['beverages', 'coffee']",,GRO-BRD-NES-034,6,"{'width': 20.54, 'height': 29.49, 'depth': 29.2}",1 year warranty,Ships in 1-2 business days,In Stock,"[{'rating': 5, 'comment': 'Very pleased!', 'date': '2025-04-30T09:41:02.053Z', 'reviewerName': 'Gabriel Adams', 'reviewerEmail': 'gabriel.adams@x.dummyjson.com'}, {'rating': 5, 'comment': 'Highly recommended!', 'date': '2025-04-30T09:41:02.053Z', 'reviewerName': 'Ella Cook', 'reviewerEmail': 'ella.cook@x.dummyjson.com'}, {'rating': 4, 'comment': 'Would buy again!', 'date': '2025-04-30T09:41:02.053Z', 'reviewerName': 'Logan Torres', 'reviewerEmail': 'logan.torres@x.dummyjson.com'}]",30 days return policy,8,"{'createdAt': '2026-08-30T03:06:46.632Z', 'updatedAt': '2026-08-31T18:25:14.641Z', 'barcode': '8572637994159', 'qrCode': 'https://cdn.dummyjson.com/public/qr-code.png'}",['https://cdn.dummyjson.com/product-images/groceries/nescafe-coffee/1.webp'],https://cdn.dummyjson.com/product-images/groceries/nescafe-coffee/thumbnail.webp
35,Potatoes,"Versatile and starchy potatoes, great for roasting, mashing, or as a side dish.",groceries,2.29,5.38,4.81,13,['vegetables'],,GRO-BRD-POT-035,9,"{'width': 22.65, 'height': 9.83, 'depth': 21.75}",3 year warranty,Ships in 3-5 business days,In Stock,"[{'rating': 5, 'comment': 'Highly impressed!', 'date': '2025-04-30T09:41:02.053Z', 'reviewerName': 'Eleanor Collins', 'reviewerEmail': 'eleanor.collins@x.dummyjson.com'}, {'rating': 4, 'comment': 'Fast shipping!', 'date': '2025-04-30T09:41:02.053Z', 'reviewerName': 'Lily Torres', 'reviewerEmail': 'lily.torres@x.dummyjson.com'}, {'rating': 5, 'comment': 'Highly recommended!', 'date': '2025-04-30T09:41:02.053Z', 'reviewerName': 'Ariana Ross', 'reviewerEmail': 'ariana.ross@x.dummyjson.com'}]",90 days return policy,9,"{'createdAt': '2025-03-07T18:37:42.901Z', 'updatedAt': '2026-02-01T00:18:40.375Z', 'barcode': '3590399655074', 'qrCode': 'https://cdn.dummyjson.com/public/qr-code.png'}",['https://cdn.dummyjson.com/product-images/groceries/potatoes/1.webp'],https://cdn.dummyjson.com/product-images/groceries/potatoes/thumbnail.webp
36,Protein Powder,"Nutrient-packed protein powder, ideal for supplementing your diet with essential proteins.",groceries,19.99,7.59,4.18,80,['health supplements'],,GRO-BRD-PRO-036,9,"{'width': 9.01, 'height': 12.53, 'depth': 22.35}",1 week warranty,Ships in 1 month,In Stock,"[{'rating': 3, 'comment': 'Very unhappy with my purchase!', 'date': '2025-04-30T09:41:02.053Z', 'reviewerName': 'Aurora Rodriguez', 'reviewerEmail': 'aurora.rodriguez@x.dummyjson.com'}, {'rating': 4, 'comment': 'Would buy again!', 'date': '2025-04-30T09:41:02.053Z', 'reviewerName': 'Miles Stevenson', 'reviewerEmail': 'miles.stevenson@x.dummyjson.com'}, {'rating': 4, 'comment': 'Very happy with my purchase!', 'date': '2025-04-30T09:41:02.053Z', 'reviewerName': 'Clara Berry', 'reviewerEmail': 'clara.berry@x.dummyjson.com'}]",No return policy,6,"{'createdAt': '2025-07-12T15:11:42.299Z', 'updatedAt': '2026-08-09T10:47:17.777Z', 'barcode': '0435397154434', 'qrCode': 'https://cdn.dummyjson.com/public/qr-code.png'}",['https://cdn.dummyjson.com/product-images/groceries/protein-powder/1.webp'],https://cdn.dummyjson.com/product-images/groceries/protein-powder/thumbnail.webp
37,Red Onions,"Flavorful and aromatic red onions, perfect for adding depth to your savory dishes.",groceries,1.99,9.9,4.2,82,['vegetables'],,GRO-BRD-ONI-037,9,"{'width': 16.01, 'height': 24.96, 'depth': 12.74}",1 month warranty,Ships in 3-5 business days,In Stock,"[{'rating': 4, 'comment': 'Fast shipping!', 'date': '2025-04-30T09:41:02.053Z', 'reviewerName': 'Maya Reed', 'reviewerEmail': 'maya.reed@x.dummyjson.com'}, {'rating': 3, 'comment': 'Very dissatisfied!', 'date': '2025-04-30T09:41:02.053Z', 'reviewerName': 'Evelyn Gonzalez', 'reviewerEmail': 'evelyn.gonzalez@x.dummyjson.com'}, {'rating': 5, 'comment': 'Awesome product!', 'date': '2025-04-30T09:41:02.053Z', 'reviewerName': 'Jackson Evans', 'reviewerEmail': 'jackson.evans@x.dummyjson.com'}]",7 days return policy,8,"{'createdAt': '2026-06-18T00:17:12.232Z', 'updatedAt': '2026-08-20T10:13:28.319Z', 'barcode': '4716374115631', 'qrCode': 'https://cdn.dummyjson.com/public/qr-code.png'}",['https://cdn.dummyjson.com/product-images/groceries/red-onions/1.webp'],https://cdn.dummyjson.com/product-images/groceries/red-onions/thumbnail.webp
38,Rice,"High-quality rice, a staple for various cuisines and a versatile base for many dishes.",groceries,5.99,9.29,3.18,59,['grains'],,GRO-BRD-RIC-038,5,"{'width': 17.21, 'height': 9.88, 'depth': 17.16}",6 months warranty,Ships overnight,In Stock,"[{'rating': 5, 'comment': 'Would buy again!', 'date': '2025-04-30T09:41:02.053Z', 'reviewerName': 'Sophia Brown', 'reviewerEmail': 'sophia.brown@x.dummyjson.com'}, {'rating': 4, 'comment': 'Very satisfied!', 'date': '2025-04-30T09:41:02.053Z', 'reviewerName': 'Grace Perry', 'reviewerEmail': 'grace.perry@x.dummyjson.com'}, {'rating': 1, 'comment': 'Very disappointed!', 'date': '2025-04-30T09:41:02.053Z', 'reviewerName': 'Cameron Burke', 'reviewerEmail': 'cameron.burke@x.dummyjson.com'}]",No return policy,20,"{'createdAt': '2025-09-30T02:05:55.814Z', 'updatedAt': '2026-08-31T22:07:29.958Z', 'barcode': '7339757397015', 'qrCode': 'https://cdn.dummyjson.com/public/qr-code.png'}",['https://cdn.dummyjson.com/product-images/groceries/rice/1.webp'],https://cdn.dummyjson.com/product-images/groceries/rice/thumbnail.webp
39,Soft Drinks,"Assorted soft drinks in various flavors, perfect for refreshing beverages.",groceries,1.99,17.48,4.75,53,['beverages'],,GRO-BRD-SOF-039,9,"{'width': 19.75, 'height': 6.79, 'depth': 9.33}",6 months warranty,Ships in 2 weeks,In Stock,"[{'rating': 2, 'comment': 'Would not recommend!', 'date': '2025-04-30T09:41:02.053Z', 'reviewerName': 'Zachary Lee', 'reviewerEmail': 'zachary.lee@x.dummyjson.com'}, {'rating': 2, 'comment': 'Would not recommend!', 'date': '2025-04-30T09:41:02.053Z', 'reviewerName': 'Oscar Powers', 'reviewerEmail': 'oscar.powers@x.dummyjson.com'}, {'rating': 5, 'comment': 'Highly recommended!', 'date': '2025-04-30T09:41:02.053Z', 'reviewerName': 'Hannah Robinson', 'reviewerEmail': 'hannah.robinson@x.dummyjson.com'}]",7 days return policy,10,"{'createdAt': '2025-11-29T11:30:08.092Z', 'updatedAt': '2026-03-16T07:08:00.522Z', 'barcode': '2991169581178', 'qrCode': 'https://cdn.dummyjson.com/public/qr-code.png'}",['https://cdn.dummyjson.com/product-images/groceries/soft-drinks/1.webp'],https://cdn.dummyjson.com/product-images/groceries/soft-drinks/thumbnail.webp
40,Strawberry,"Sweet and succulent strawberries, great for snacking, desserts, or blending into smoothies.",groceries,3.99,1.12,3.08,46,['fruits'],,GRO-BRD-STR-040,1,"{'width': 28.18, 'height': 21.25, 'depth': 28.54}",1 week warranty,Ships in 1-2 business days,In Stock,"[{'rating': 3, 'comment': 'Would not buy again!', 'date': '2025-04-30T09:41:02.053Z', 'reviewerName': 'Amelia Perez', 'reviewerEmail': 'amelia.perez@x.dummyjson.com'}, {'rating': 3, 'comment': 'Would not buy again!', 'date': '2025-04-30T09:41:02.053Z', 'reviewerName': 'Olivia Wilson', 'reviewerEmail': 'olivia.wilson@x.dummyjson.com'}, {'rating': 4, 'comment': 'Would buy again!', 'date': '2025-04-30T09:41:02.053Z', 'reviewerName': 'Hunter Gordon', 'reviewerEmail': 'hunter.gordon@x.dummyjson.com'}]",No return policy,12,"{'createdAt': '2025-07-17T22:38:32.579Z', 'updatedAt': '2026-02-04T12:07:25.940Z', 'barcode': '0792647462295', 'qrCode': 'https://cdn.dummyjson.com/public/qr-code.png'}",['https://cdn.dummyjson.com/product-images/groceries/strawberry/1.webp'],https://cdn.dummyjson.com/product-images/groceries/strawberry/thumbnail.webp
41,Tissue Paper Box,"Convenient tissue paper box for everyday use, providing soft and absorbent tissues.",groceries,2.49,13.28,2.69,86,['household essentials'],,GRO-BRD-TIS-041,1,"{'width': 18.75, 'height': 17.58, 'depth': 12.43}",No warranty,Ships in 1-2 business days,In Stock,"[{'rating': 1, 'comment': 'Not as described!', 'date': '2025-04-30T09:41:02.053Z', 'reviewerName': 'Ariana Ross', 'reviewerEmail': 'ariana.ross@x.dummyjson.com'}, {'rating': 5, 'comment': 'Fast shipping!', 'date': '2025-04-30T09:41:02.053Z', 'reviewerName': 'Carter Baker', 'reviewerEmail': 'carter.baker@x.dummyjson.com'}, {'rating': 5, 'comment': 'Great value for money!', 'date': '2025-04-30T09:41:02.053Z', 'reviewerName': 'Penelope Harper', 'reviewerEmail': 'penelope.harper@x.dummyjson.com'}]",90 days return policy,44,"{'createdAt': '2025-07-01T05:06:24.258Z', 'updatedAt': '2026-03-27T05:18:01.832Z', 'barcode': '9446468291745', 'qrCode': 'https://cdn.dummyjson.com/public/qr-code.png'}","['https://cdn.dummyjson.com/product-images/groceries/tissue-paper-box/1.webp', 'https://cdn.dummyjson.com/product-images/groceries/tissue-paper-box/2.webp']",https://cdn.dummyjson.com/product-images/groceries/tissue-paper-box/thumbnail.webp
42,Water,"Pure and refreshing bottled water, essential for staying hydrated throughout the day.",groceries,0.99,14.92,4.96,53,['beverages'],,GRO-BRD-WAT-042,4,"{'width': 18.43, 'height': 7.4, 'depth': 17.79}",3 months warranty,Ships in 1 month,In Stock,"[{'rating': 5, 'comment': 'Highly impressed!', 'date': '2025-04-30T09:41:02.053Z', 'reviewerName': 'Jonathan Pierce', 'reviewerEmail': 'jonathan.pierce@x.dummyjson.com'}, {'rating': 2, 'comment': 'Would not recommend!', 'date': '2025-04-30T09:41:02.053Z', 'reviewerName': 'Grayson Coleman', 'reviewerEmail': 'grayson.coleman@x.dummyjson.com'}, {'rating': 3, 'comment': 'Not as described!', 'date': '2025-04-30T09:41:02.053Z', 'reviewerName': 'Ethan Fletcher', 'reviewerEmail': 'ethan.fletcher@x.dummyjson.com'}]",7 days return policy,28,"{'createdAt': '2025-08-04T06:36:50.626Z', 'updatedAt': '2026-06-18T07:42:39.492Z', 'barcode': '2409829645213', 'qrCode': 'https://cdn.dummyjson.com/public/qr-code.png'}",['https://cdn.dummyjson.com/product-images/groceries/water/1.webp'],https://cdn.dummyjson.com/product-images/groceries/water/thumbnail.webp
43,Decoration Swing,"The Decoration Swing is a charming addition to your home decor. Crafted with intricate details, it adds a touch of elegance and whimsy to any room.",home-decoration,59.99,10.41,3.16,47,"['home decor', 'swing']",,HOM-BRD-DEC-043,4,"{'width': 23.84, 'height': 15.19, 'depth': 26.05}",1 week warranty,Ships in 1 month,In Stock,"[{'rating': 1, 'comment': 'Would not buy again!', 'date': '2025-04-30T09:41:02.053Z', 'reviewerName': 'Daniel Cook', 'reviewerEmail': 'daniel.cook@x.dummyjson.com'}, {'rating': 2, 'comment': 'Poor quality!', 'date': '2025-04-30T09:41:02.053Z', 'reviewerName': 'Hunter Gordon', 'reviewerEmail': 'hunter.gordon@x.dummyjson.com'}, {'rating': 3, 'comment': 'Very unhappy with my purchase!', 'date': '2025-04-30T09:41:02.053Z', 'reviewerName': 'Stella Morris', 'reviewerEmail': 'stella.morris@x.dummyjson.com'}]",90 days return policy,8,"{'createdAt': '2026-07-18T21:37:59.195Z', 'updatedAt': '2026-08-16T08:41:15.136Z', 'barcode': '9646971048759', 'qrCode': 'https://cdn.dummyjson.com/public/qr-code.png'}","['https://cdn.dummyjson.com/product-images/home-decoration/decoration-swing/1.webp', 'https://cdn.dummyjson.com/product-images/home-decoration/decoration-swing/2.webp', 'https://cdn.dummyjson.com/product-images/home-decoration/decoration-swing/3.webp']",https://cdn.dummyjson.com/product-images/home-decoration/decoration-swing/thumbnail.webp
44,Family Tree Photo Frame,"The Family Tree Photo Frame is a sentimental and stylish way to display your cherished family memories. With multiple photo slots, it tells the story of your loved ones.",home-decoration,29.99,14.87,4.53,77,"['home decor', 'photo frame']",,HOM-BRD-FAM-044,1,"{'width': 17.27, 'height': 14.81, 'depth': 29.11}",1 month warranty,Ships in 2 weeks,In Stock,"[{'rating': 4, 'comment': 'Highly impressed!', 'date': '2025-04-30T09:41:02.053Z', 'reviewerName': 'Oscar Powers', 'reviewerEmail': 'oscar.powers@x.dummyjson.com'}, {'rating': 5, 'comment': 'Excellent quality!', 'date': '2025-04-30T09:41:02.053Z', 'reviewerName': 'Austin Hudson', 'reviewerEmail': 'austin.hudson@x.dummyjson.com'}, {'rating': 2, 'comment': 'Very dissatisfied!', 'date': '2025-04-30T09:41:02.053Z', 'reviewerName': 'Luke Cooper', 'reviewerEmail': 'luke.cooper@x.dummyjson.com'}]",No return policy,15,"{'createdAt': '2026-06-20T03:35:15.738Z', 'updatedAt': '2026-07-02T07:14:15.954Z', 'barcode': '5398738320864', 'qrCode': 'https://cdn.dummyjson.com/public/qr-code.png'}",['https://cdn.dummyjson.com/product-images/home-decoration/family-tree-photo-frame/1.webp'],https://cdn.dummyjson.com/product-images/home-decoration/family-tree-photo-frame/thumbnail.webp
45,House Showpiece Plant,The House Showpiece Plant is an artificial plant that brings a touch of nature to your home without the need for maintenance. It adds greenery and style to any space.,home-decoration,39.99,7.46,4.67,28,"['home decor', 'artificial plants']",,HOM-BRD-HOU-045,8,"{'width': 8.55, 'height': 14.62, 'depth': 17.25}",1 year warranty,Ships in 1 week,In Stock,"[{'rating': 5, 'comment': 'Very happy with my purchase!', 'date': '2025-04-30T09:41:02.053Z', 'reviewerName': 'Natalie Harris', 'reviewerEmail': 'natalie.harris@x.dummyjson.com'}, {'rating': 1, 'comment': 'Poor quality!', 'date': '2025-04-30T09:41:02.053Z', 'reviewerName': 'Max Russell', 'reviewerEmail': 'max.russell@x.dummyjson.com'}, {'rating': 5, 'comment': 'Very pleased!', 'date': '2025-04-30T09:41:02.053Z', 'reviewerName': 'Nolan Gonzalez', 'reviewerEmail': 'nolan.gonzalez@x.dummyjson.com'}]",No return policy,3,"{'createdAt': '2026-05-02T03:32:41.210Z', 'updatedAt': '2026-05-03T21:22:56.994Z', 'barcode': '8433795204995', 'qrCode': 'https://cdn.dummyjson.com/public/qr-code.png'}","['https://cdn.dummyjson.com/product-images/home-decoration/house-showpiece-plant/1.webp', 'https://cdn.dummyjson.com/product-images/home-decoration/house-showpiece-plant/2.webp', 'https://cdn.dummyjson.com/product-images/home-decoration/house-showpiece-plant/3.webp']",https://cdn.dummyjson.com/product-images/home-decoration/house-showpiece-plant/thumbnail.webp
46,Plant Pot,"The Plant Pot is a stylish container for your favorite plants. With a sleek design, it complements your indoor or outdoor garden, adding a modern touch to your plant display.",home-decoration,14.99,6.84,3.01,59,"['home decor', 'plant accessories']",,HOM-BRD-PLA-046,9,"{'width': 9.83, 'height': 20.28, 'depth': 13.49}",Lifetime warranty,Ships in 3-5 business days,In Stock,"[{'rating': 4, 'comment': 'Fast shipping!', 'date': '2025-04-30T09:41:02.053Z', 'reviewerName': 'Vivian Carter', 'reviewerEmail': 'vivian.carter@x.dummyjson.com'}, {'rating': 5, 'comment': 'Very satisfied!', 'date': '2025-04-30T09:41:02.053Z', 'reviewerName': 'Ella Adams', 'reviewerEmail': 'ella.adams@x.dummyjson.com'}, {'rating': 3, 'comment': 'Poor quality!', 'date': '2025-04-30T09:41:02.053Z', 'reviewerName': 'Liam Smith', 'reviewerEmail': 'liam.smith@x.dummyjson.com'}]",30 days return policy,31,"{'createdAt': '2026-02-23T06:40:47.721Z', 'updatedAt': '2026-07-10T13:33:31.734Z', 'barcode': '8477070578398', 'qrCode': 'https://cdn.dummyjson.com/public/qr-code.png'}","['https://cdn.dummyjson.com/product-images/home-decoration/plant-pot/1.webp', 'https://cdn.dummyjson.com/product-images/home-decoration/plant-pot/2.webp', 'https://cdn.dummyjson.com/product-images/home-decoration/plant-pot/3.webp', 'https://cdn.dummyjson.com/product-images/home-decoration/plant-pot/4.webp']",https://cdn.dummyjson.com/product-images/home-decoration/plant-pot/thumbnail.webp
47,Table Lamp,"The Table Lamp is a functional and decorative lighting solution for your living space. With a modern design, it provides both ambient and task lighting, enhancing the atmosphere.",home-decoration,49.99,7.09,3.55,9,"['home decor', 'lighting']",,HOM-BRD-TAB-047,4,"{'width': 8.98, 'height': 13.41, 'depth': 5.65}",3 months warranty,Ships in 1-2 business days,In Stock,"[{'rating': 5, 'comment': 'Excellent quality!', 'date': '2025-04-30T09:41:02.053Z', 'reviewerName': 'Benjamin Foster', 'reviewerEmail': 'benjamin.foster@x.dummyjson.com'}, {'rating': 3, 'comment': 'Would not recommend!', 'date': '2025-04-30T09:41:02.053Z', 'reviewerName': 'Sophia Jones', 'reviewerEmail': 'sophia.jones@x.dummyjson.com'}, {'rating': 5, 'comment': 'Awesome product!', 'date': '2025-04-30T09:41:02.053Z', 'reviewerName': 'Natalie Harris', 'reviewerEmail': 'natalie.harris@x.dummyjson.com'}]",90 days return policy,2,"{'createdAt': '2026-01-08T17:00:44.458Z', 'updatedAt': '2026-02-28T00:26:44.716Z', 'barcode': '8806138916048', 'qrCode': 'https://cdn.dummyjson.com/public/qr-code.png'}",['https://cdn.dummyjson.com/product-images/home-decoration/table-lamp/1.webp'],https://cdn.dummyjson.com/product-images/home-decoration/table-lamp/thumbnail.webp
48,Bamboo Spatula,"The Bamboo Spatula is a versatile kitchen tool made from eco-friendly bamboo. Ideal for flipping, stirring, and serving various dishes.",kitchen-accessories,7.99,2.84,3.27,37,"['kitchen tools', 'utensils']",,KIT-BRD-BAM-048,3,"{'width': 21.32, 'height': 23.03, 'depth': 25.94}",1 month warranty,Ships overnight,In Stock,"[{'rating': 5, 'comment': 'Awesome product!', 'date': '2025-04-30T09:41:02.053Z', 'reviewerName': 'Lucas Ramirez', 'reviewerEmail': 'lucas.ramirez@x.dummyjson.com'}, {'rating': 5, 'comment': 'Highly recommended!', 'date': '2025-04-30T09:41:02.053Z', 'reviewerName': 'Caleb Perkins', 'reviewerEmail': 'caleb.perkins@x.dummyjson.com'}, {'rating': 4, 'comment': 'Highly recommended!', 'date': '2025-04-30T09:41:02.053Z', 'reviewerName': 'Nolan Gonzalez', 'reviewerEmail': 'nolan.gonzalez@x.dummyjson.com'}]",60 days return policy,29,"{'createdAt': '2024-11-07T19:26:12.737Z', 'updatedAt': '2026-08-26T17:11:06.380Z', 'barcode': '3988181417733', 'qrCode': 'https://cdn.dummyjson.com/public/qr-code.png'}",['https://cdn.dummyjson.com/product-images/kitchen-accessories/bamboo-spatula/1.webp'],https://cdn.dummyjson.com/product-images/kitchen-accessories/bamboo-spatula/thumbnail.webp
49,Black Aluminium Cup,The Black Aluminium Cup is a stylish and durable cup suitable for both hot and cold beverages. Its sleek black design adds a modern touch to your drinkware collection.,kitchen-accessories,5.99,15.65,4.46,75,"['drinkware', 'cups']",,KIT-BRD-BLA-049,7,"{'width': 5.88, 'height': 5.11, 'depth': 10.03}",1 year warranty,Ships overnight,In Stock,"[{'rating': 3, 'comment': 'Very disappointed!', 'date': '2025-04-30T09:41:02.053Z', 'reviewerName': 'Alexander Hernandez', 'reviewerEmail': 'alexander.hernandez@x.dummyjson.com'}, {'rating': 5, 'comment': 'Great value for money!', 'date': '2025-04-30T09:41:02.053Z', 'reviewerName': 'Aurora Rodriguez', 'reviewerEmail': 'aurora.rodriguez@x.dummyjson.com'}, {'rating': 1, 'comment': 'Not worth the price!', 'date': '2025-04-30T09:41:02.053Z', 'reviewerName': 'Benjamin Foster', 'reviewerEmail': 'benjamin.foster@x.dummyjson.com'}]",30 days return policy,48,"{'createdAt': '2025-06-02T20:54:31.793Z', 'updatedAt': '2025-11-09T19:11:55.049Z', 'barcode': '5606164195748', 'qrCode': 'https://cdn.dummyjson.com/public/qr-code.png'}","['https://cdn.dummyjson.com/product-images/kitchen-accessories/black-aluminium-cup/1.webp', 'https://cdn.dummyjson.com/product-images/kitchen-accessories/black-aluminium-cup/2.webp']",https://cdn.dummyjson.com/product-images/kitchen-accessories/black-aluminium-cup/thumbnail.webp
50,Black Whisk,The Black Whisk is a kitchen essential for whisking and beating ingredients. Its ergonomic handle and sleek design make it a practical and stylish tool.,kitchen-accessories,9.99,10.24,3.9,73,"['kitchen tools', 'utensils']",,KIT-BRD-BLA-050,1,"{'width': 13.03, 'height': 5.99, 'depth': 20.64}",3 months warranty,Ships in 1 month,In Stock,"[{'rating': 3, 'comment': 'Not worth the price!', 'date': '2025-04-30T09:41:02.053Z', 'reviewerName': 'Cameron Perez', 'reviewerEmail': 'cameron.perez@x.dummyjson.com'}, {'rating': 1, 'comment': 'Waste of money!', 'date': '2025-04-30T09:41:02.053Z', 'reviewerName': 'Benjamin Foster', 'reviewerEmail': 'benjamin.foster@x.dummyjson.com'}, {'rating': 5, 'comment': 'Very pleased!', 'date': '2025-04-30T09:41:02.053Z', 'reviewerName': 'Paisley Bell', 'reviewerEmail': 'paisley.bell@x.dummyjson.com'}]",30 days return policy,40,"{'createdAt': '2024-09-26T11:34:05.709Z', 'updatedAt': '2025-03-12T17:31:33.839Z', 'barcode': '3112495795209', 'qrCode': 'https://cdn.dummyjson.com/public/qr-code.png'}",['https://cdn.dummyjson.com/product-images/kitchen-accessories/black-whisk/1.webp'],https://cdn.dummyjson.com/product-images/kitchen-accessories/black-whisk/thumbnail.webp
51,Boxed Blender,"The Boxed Blender is a powerful and compact blender perfect for smoothies, shakes, and more. Its convenient design and multiple functions make it a versatile kitchen appliance.",kitchen-accessories,39.99,7.26,4.56,9,"['kitchen appliances', 'blenders']",,KIT-BRD-BOX-051,1,"{'width': 9.05, 'height': 19.45, 'depth': 17.59}",5 year warranty,Ships in 1-2 business days,In Stock,"[{'rating': 5, 'comment': 'Very pleased!', 'date': '2025-04-30T09:41:02.053Z', 'reviewerName': 'Ella Adams', 'reviewerEmail': 'ella.adams@x.dummyjson.com'}, {'rating': 5, 'comment': 'Would buy again!', 'date': '2025-04-30T09:41:02.053Z', 'reviewerName': 'Ruby Andrews', 'reviewerEmail': 'ruby.andrews@x.dummyjson.com'}, {'rating': 5, 'comment': 'Very happy with my purchase!', 'date': '2025-04-30T09:41:02.053Z', 'reviewerName': 'Aurora Lawson', 'reviewerEmail': 'aurora.lawson@x.dummyjson.com'}]",7 days return policy,4,"{'createdAt': '2026-03-25T03:55:56.058Z', 'updatedAt': '2026-08-13T01:11:46.331Z', 'barcode': '4823087836817', 'qrCode': 'https://cdn.dummyjson.com/public/qr-code.png'}","['https://cdn.dummyjson.com/product-images/kitchen-accessories/boxed-blender/1.webp', 'https://cdn.dummyjson.com/product-images/kitchen-accessories/boxed-blender/2.webp', 'https://cdn.dummyjson.com/product-images/kitchen-accessories/boxed-blender/3.webp', 'https://cdn.dummyjson.com/product-images/kitchen-accessories/boxed-blender/4.webp']",https://cdn.dummyjson.com/product-images/kitchen-accessories/boxed-blender/thumbnail.webp
52,Carbon Steel Wok,"The Carbon Steel Wok is a versatile cooking pan suitable for stir-frying, sautéing, and deep frying. Its sturdy construction ensures even heat distribution for delicious meals.",kitchen-accessories,29.99,6.53,4.05,40,"['cookware', 'woks']",,KIT-BRD-CAR-052,2,"{'width': 27.69, 'height': 7.54, 'depth': 10.11}",2 year warranty,Ships in 1-2 business days,In Stock,"[{'rating': 4, 'comment': 'Excellent quality!', 'date': '2025-04-30T09:41:02.053Z', 'reviewerName': 'Nolan Bryant', 'reviewerEmail': 'nolan.bryant@x.dummyjson.com'}, {'rating': 4, 'comment': 'Highly impressed!', 'date': '2025-04-30T09:41:02.053Z', 'reviewerName': 'Luna Perez', 'reviewerEmail': 'luna.perez@x.dummyjson.com'}, {'rating': 5, 'comment': 'Very satisfied!', 'date': '2025-04-30T09:41:02.053Z', 'reviewerName': 'Noah Lewis', 'reviewerEmail': 'noah.lewis@x.dummyjson.com'}]",7 days return policy,9,"{'createdAt': '2026-02-12T14:27:24.989Z', 'updatedAt': '2026-02-28T03:24:04.114Z', 'barcode': '1810862118199', 'qrCode': 'https://cdn.dummyjson.com/public/qr-code.png'}",['https://cdn.dummyjson.com/product-images/kitchen-accessories/carbon-steel-wok/1.webp'],https://cdn.dummyjson.com/product-images/kitchen-accessories/carbon-steel-wok/thumbnail.webp
53,Chopping Board,"The Chopping Board is an essential kitchen accessory for food preparation. Made from durable material, it provides a safe and hygienic surface for cutting and chopping.",kitchen-accessories,12.99,8.03,3.7,14,"['kitchen tools', 'cutting boards']",,KIT-BRD-CHO-053,2,"{'width': 15.6, 'height': 6.93, 'depth': 8.51}",3 months warranty,Ships in 2 weeks,In Stock,"[{'rating': 5, 'comment': 'Great value for money!', 'date': '2025-04-30T09:41:02.053Z', 'reviewerName': 'Xavier Wright', 'reviewerEmail': 'xavier.wright@x.dummyjson.com'}, {'rating': 4, 'comment': 'Great value for money!', 'date': '2025-04-30T09:41:02.053Z', 'reviewerName': 'Henry Turner', 'reviewerEmail': 'henry.turner@x.dummyjson.com'}, {'rating': 4, 'comment': 'Fast shipping!', 'date': '2025-04-30T09:41:02.053Z', 'reviewerName': 'Evelyn Walker', 'reviewerEmail': 'evelyn.walker@x.dummyjson.com'}]",No return policy,5,"{'createdAt': '2025-02-01T00:11:42.555Z', 'updatedAt': '2026-01-06T01:53:47.341Z', 'barcode': '0085585730728', 'qrCode': 'https://cdn.dummyjson.com/public/qr-code.png'}",['https://cdn.dummyjson.com/product-images/kitchen-accessories/chopping-board/1.webp'],https://cdn.dummyjson.com/product-images/kitchen-accessories/chopping-board/thumbnail.webp
54,Citrus Squeezer Yellow,The Citrus Squeezer in Yellow is a handy tool for extracting juice from citrus fruits. Its vibrant color adds a cheerful touch to your kitchen gadgets.,kitchen-accessories,8.99,12.1,4.63,22,"['kitchen tools', 'juicers']",,KIT-BRD-CIT-054,2,"{'width': 17.16, 'height': 26.8, 'depth': 16.29}",2 year warranty,Ships in 3-5 business days,In Stock,"[{'rating': 4, 'comment': 'Highly recommended!', 'date': '2025-04-30T09:41:02.053Z', 'reviewerName': 'Lucas Ramirez', 'reviewerEmail': 'lucas.ramirez@x.dummyjson.com'}, {'rating': 4, 'comment': 'Great product!', 'date': '2025-04-30T09:41:02.053Z', 'reviewerName': 'Eleanor Collins', 'reviewerEmail': 'eleanor.collins@x.dummyjson.com'}, {'rating': 5, 'comment': 'Highly impressed!', 'date': '2025-04-30T09:41:02.053Z', 'reviewerName': 'Mila Hernandez', 'reviewerEmail': 'mila.hernandez@x.dummyjson.com'}]",60 days return policy,38,"{'createdAt': '2026-02-01T12:31:42.776Z', 'updatedAt': '2026-07-14T11:53:41.241Z', 'barcode': '2231952604189', 'qrCode': 'https://cdn.dummyjson.com/public/qr-code.png'}",['https://cdn.dummyjson.com/product-images/kitchen-accessories/citrus-squeezer-yellow/1.webp'],https://cdn.dummyjson.com/product-images/kitchen-accessories/citrus-squeezer-yellow/thumbnail.webp
55,Egg Slicer,"The Egg Slicer is a convenient tool for slicing boiled eggs evenly. It's perfect for salads, sandwiches, and other dishes where sliced eggs are desired.",kitchen-accessories,6.99,14.76,3.09,40,"['kitchen tools', 'slicers']",,KIT-BRD-SLI-055,2,"{'width': 10.81, 'height': 19.15, 'depth': 13.18}",1 week warranty,Ships in 1 month,In Stock,"[{'rating': 3, 'comment': 'Very dissatisfied!', 'date': '2025-04-30T09:41:02.053Z', 'reviewerName': 'Harper Garcia', 'reviewerEmail': 'harper.garcia@x.dummyjson.com'}, {'rating': 4, 'comment': 'Very happy with my purchase!', 'date': '2025-04-30T09:41:02.053Z', 'reviewerName': 'Lily Torres', 'reviewerEmail': 'lily.torres@x.dummyjson.com'}, {'rating': 1, 'comment': 'Not worth the price!', 'date': '2025-04-30T09:41:02.053Z', 'reviewerName': 'Tyler Davis', 'reviewerEmail': 'tyler.davis@x.dummyjson.com'}]",No return policy,32,"{'createdAt': '2026-08-18T18:31:19.548Z', 'updatedAt': '2026-08-28T11:49:56.692Z', 'barcode': '6456249953517', 'qrCode': 'https://cdn.dummyjson.com/public/qr-code.png'}",['https://cdn.dummyjson.com/product-images/kitchen-accessories/egg-slicer/1.webp'],https://cdn.dummyjson.com/product-images/kitchen-accessories/egg-slicer/thumbnail.webp
56,Electric Stove,The Electric Stove provides a portable and efficient cooking solution. Ideal for small kitchens or as an additional cooking surface for various culinary needs.,kitchen-accessories,49.99,14.04,4.11,21,"['kitchen appliances', 'cooktops']",,KIT-BRD-ELE-056,5,"{'width': 24.17, 'height': 22.55, 'depth': 27.49}",2 year warranty,Ships in 1 week,In Stock,"[{'rating': 1, 'comment': 'Would not recommend!', 'date': '2025-04-30T09:41:02.053Z', 'reviewerName': 'Ava Harris', 'reviewerEmail': 'ava.harris@x.dummyjson.com'}, {'rating': 2, 'comment': 'Very dissatisfied!', 'date': '2025-04-30T09:41:02.053Z', 'reviewerName': 'Liam Smith', 'reviewerEmail': 'liam.smith@x.dummyjson.com'}, {'rating': 4, 'comment': 'Very pleased!', 'date': '2025-04-30T09:41:02.053Z', 'reviewerName': 'Christian Perez', 'reviewerEmail': 'christian.perez@x.dummyjson.com'}]",7 days return policy,8,"{'createdAt': '2025-01-01T08:48:43.555Z', 'updatedAt': '2026-03-26T15:58:34.707Z', 'barcode': '7534096777716', 'qrCode': 'https://cdn.dummyjson.com/public/qr-code.png'}","['https://cdn.dummyjson.com/product-images/kitchen-accessories/electric-stove/1.webp', 'https://cdn.dummyjson.com/product-images/kitchen-accessories/electric-stove/2.webp', 'https://cdn.dummyjson.com/product-images/kitchen-accessories/electric-stove/3.webp', 'https://cdn.dummyjson.com/product-images/kitchen-accessories/electric-stove/4.webp']",https://cdn.dummyjson.com/product-images/kitchen-accessories/electric-stove/thumbnail.webp
57,Fine Mesh Strainer,The Fine Mesh Strainer is a versatile tool for straining liquids and sifting dry ingredients. Its fine mesh ensures efficient filtering for smooth cooking and baking.,kitchen-accessories,9.99,3.5,3.04,85,"['kitchen tools', 'strainers']",,KIT-BRD-FIN-057,9,"{'width': 18.02, 'height': 13.23, 'depth': 15.92}",1 month warranty,Ships overnight,In Stock,"[{'rating': 5, 'comment': 'Very pleased!', 'date': '2025-04-30T09:41:02.053Z', 'reviewerName': 'Isabella Anderson', 'reviewerEmail': 'isabella.anderson@x.dummyjson.com'}, {'rating': 4, 'comment': 'Highly impressed!', 'date': '2025-04-30T09:41:02.053Z', 'reviewerName': 'Aaliyah Hanson', 'reviewerEmail': 'aaliyah.hanson@x.dummyjson.com'}, {'rating': 2, 'comment': 'Would not recommend!', 'date': '2025-04-30T09:41:02.053Z', 'reviewerName': 'Layla Sullivan', 'reviewerEmail': 'layla.sullivan@x.dummyjson.com'}]",7 days return policy,43,"{'createdAt': '2025-11-07T21:07:52.353Z', 'updatedAt': '2025-12-21T20:55:26.353Z', 'barcode': '8181672477425', 'qrCode': 'https://cdn.dummyjson.com/public/qr-code.png'}",['https://cdn.dummyjson.com/product-images/kitchen-accessories/fine-mesh-strainer/1.webp'],https://cdn.dummyjson.com/product-images/kitchen-accessories/fine-mesh-strainer/thumbnail.webp
58,Fork,The Fork is a classic utensil for various dining and serving purposes. Its durable and ergonomic design makes it a reliable choice for everyday use.,kitchen-accessories,3.99,8.07,3.11,7,"['kitchen tools', 'utensils']",,KIT-BRD-FOR-058,9,"{'width': 12.3, 'height': 25.91, 'depth': 22.57}",No warranty,Ships in 1 month,In Stock,"[{'rating': 5, 'comment': 'Highly impressed!', 'date': '2025-04-30T09:41:02.053Z', 'reviewerName': 'Elena Baker', 'reviewerEmail': 'elena.baker@x.dummyjson.com'}, {'rating': 5, 'comment': 'Very satisfied!', 'date': '2025-04-30T09:41:02.053Z', 'reviewerName': 'Avery Scott', 'reviewerEmail': 'avery.scott@x.dummyjson.com'}, {'rating': 2, 'comment': 'Would not buy again!', 'date': '2025-04-30T09:41:02.053Z', 'reviewerName': 'Mateo Perez', 'reviewerEmail': 'mateo.perez@x.dummyjson.com'}]",No return policy,36,"{'createdAt': '2025-10-07T17:06:48.564Z', 'updatedAt': '2026-04-22T07:01:33.540Z', 'barcode': '2851192866410', 'qrCode': 'https://cdn.dummyjson.com/public/qr-code.png'}",['https://cdn.dummyjson.com/product-images/kitchen-accessories/fork/1.webp'],https://cdn.dummyjson.com/product-images/kitchen-accessories/fork/thumbnail.webp
59,Glass,The Glass is a versatile and elegant drinking vessel suitable for a variety of beverages. Its clear design allows you to enjoy the colors and textures of your drinks.,kitchen-accessories,4.99,7.92,4.02,46,"['drinkware', 'glasses']",,KIT-BRD-GLA-059,10,"{'width': 20.23, 'height': 24.56, 'depth': 26.97}",3 year warranty,Ships overnight,In Stock,"[{'rating': 5, 'comment': 'Very happy with my purchase!', 'date': '2025-04-30T09:41:02.053Z', 'reviewerName': 'Jackson Evans', 'reviewerEmail': 'jackson.evans@x.dummyjson.com'}, {'rating': 3, 'comment': 'Waste of money!', 'date': '2025-04-30T09:41:02.053Z', 'reviewerName': 'Nicholas Bailey', 'reviewerEmail': 'nicholas.bailey@x.dummyjson.com'}, {'rating': 5, 'comment': 'Very satisfied!', 'date': '2025-04-30T09:41:02.053Z', 'reviewerName': 'Nathan Reed', 'reviewerEmail': 'nathan.reed@x.dummyjson.com'}]",7 days return policy,17,"{'createdAt': '2025-04-09T21:03:56.955Z', 'updatedAt': '2025-04-13T09:48:20.128Z', 'barcode': '4900880403720', 'qrCode': 'https://cdn.dummyjson.com/public/qr-code.png'}",['https://cdn.dummyjson.com/product-images/kitchen-accessories/glass/1.webp'],https://cdn.dummyjson.com/product-images/kitchen-accessories/glass/thumbnail.webp
60,Grater Black,"The Grater in Black is a handy kitchen tool for grating cheese, vegetables, and more. Its sleek design and sharp blades make food preparation efficient and easy.",kitchen-accessories,10.99,3.56,3.21,84,"['kitchen tools', 'graters']",,KIT-BRD-GRA-060,3,"{'width': 6.32, 'height': 23.11, 'depth': 24.64}",1 month warranty,Ships in 1 week,In Stock,"[{'rating': 1, 'comment': 'Would not buy again!', 'date': '2025-04-30T09:41:02.053Z', 'reviewerName': 'Ella Adams', 'reviewerEmail': 'ella.adams@x.dummyjson.com'}, {'rating': 1, 'comment': 'Not as described!', 'date': '2025-04-30T09:41:02.053Z', 'reviewerName': 'Eli Ward', 'reviewerEmail': 'eli.ward@x.dummyjson.com'}, {'rating': 5, 'comment': 'Highly impressed!', 'date': '2025-04-30T09:41:02.053Z', 'reviewerName': 'James Garcia', 'reviewerEmail': 'james.garcia@x.dummyjson.com'}]",60 days return policy,5,"{'createdAt': '2026-03-12T10:13:39.137Z', 'updatedAt': '2026-04-29T16:24:21.454Z', 'barcode': '2542647841284', 'qrCode': 'https://cdn.dummyjson.com/public/qr-code.png'}",['https://cdn.dummyjson.com/product-images/kitchen-accessories/grater-black/1.webp'],https://cdn.dummyjson.com/product-images/kitchen-accessories/grater-black/thumbnail.webp
61,Hand Blender,"The Hand Blender is a versatile kitchen appliance for blending, pureeing, and mixing. Its compact design and powerful motor make it a convenient tool for various recipes.",kitchen-accessories,34.99,17.02,3.86,84,"['kitchen appliances', 'blenders']",,KIT-BRD-HAN-061,5,"{'width': 27.31, 'height': 21, 'depth': 24.27}",1 year warranty,Ships in 1 week,In Stock,"[{'rating': 5, 'comment': 'Excellent quality!', 'date': '2025-04-30T09:41:02.053Z', 'reviewerName': 'Hazel Evans', 'reviewerEmail': 'hazel.evans@x.dummyjson.com'}, {'rating': 4, 'comment': 'Highly impressed!', 'date': '2025-04-30T09:41:02.053Z', 'reviewerName': 'Hannah Howard', 'reviewerEmail': 'hannah.howard@x.dummyjson.com'}, {'rating': 1, 'comment': 'Would not buy again!', 'date': '2025-04-30T09:41:02.053Z', 'reviewerName': 'Jonathan Pierce', 'reviewerEmail': 'jonathan.pierce@x.dummyjson.com'}]",No return policy,11,"{'createdAt': '2025-07-06T14:58:21.271Z', 'updatedAt': '2025-08-27T14:42:53.783Z', 'barcode': '1980575898457', 'qrCode': 'https://cdn.dummyjson.com/public/qr-code.png'}",['https://cdn.dummyjson.com/product-images/kitchen-accessories/hand-blender/1.webp'],https://cdn.dummyjson.com/product-images/kitchen-accessories/hand-blender/thumbnail.webp
62,Ice Cube Tray,The Ice Cube Tray is a practical accessory for making ice cubes in various shapes. Perfect for keeping your drinks cool and adding a fun element to your beverages.,kitchen-accessories,5.99,0.63,4.71,13,"['kitchen tools', 'ice cube trays']",,KIT-BRD-CUB-062,3,"{'width': 26.67, 'height': 18.14, 'depth': 5.31}",1 month warranty,Ships overnight,In Stock,"[{'rating': 5, 'comment': 'Awesome product!', 'date': '2025-04-30T09:41:02.053Z', 'reviewerName': 'Isaac Lawrence', 'reviewerEmail': 'isaac.lawrence@x.dummyjson.com'}, {'rating': 5, 'comment': 'Would buy again!', 'date': '2025-04-30T09:41:02.053Z', 'reviewerName': 'Leo Rivera', 'reviewerEmail': 'leo.rivera@x.dummyjson.com'}, {'rating': 5, 'comment': 'Very pleased!', 'date': '2025-04-30T09:41:02.053Z', 'reviewerName': 'Henry Turner', 'reviewerEmail': 'henry.turner@x.dummyjson.com'}]",No return policy,16,"{'createdAt': '2024-09-23T08:17:17.344Z', 'updatedAt': '2026-07-30T04:54:00.293Z', 'barcode': '9123541111825', 'qrCode': 'https://cdn.dummyjson.com/public/qr-code.png'}",['https://cdn.dummyjson.com/product-images/kitchen-accessories/ice-cube-tray/1.webp'],https://cdn.dummyjson.com/product-images/kitchen-accessories/ice-cube-tray/thumbnail.webp
63,Kitchen Sieve,The Kitchen Sieve is a versatile tool for sifting and straining dry and wet ingredients. Its fine mesh design ensures smooth results in your cooking and baking.,kitchen-accessories,7.99,18.91,3.09,68,"['kitchen tools', 'strainers']",,KIT-BRD-KIT-063,5,"{'width': 20.68, 'height': 6.5, 'depth': 7.86}",1 month warranty,Ships overnight,In Stock,"[{'rating': 5, 'comment': 'Highly recommended!', 'date': '2025-04-30T09:41:02.053Z', 'reviewerName': 'Stella Morris', 'reviewerEmail': 'stella.morris@x.dummyjson.com'}, {'rating': 5, 'comment': 'Very happy with my purchase!', 'date': '2025-04-30T09:41:02.053Z', 'reviewerName': 'Henry Adams', 'reviewerEmail': 'henry.adams@x.dummyjson.com'}, {'rating': 4, 'comment': 'Awesome product!', 'date': '2025-04-30T09:41:02.053Z', 'reviewerName': 'Lillian Simmons', 'reviewerEmail': 'lillian.simmons@x.dummyjson.com'}]",No return policy,5,"{'createdAt': '2025-04-19T14:09:59.168Z', 'updatedAt': '2026-04-11T04:00:25.743Z', 'barcode': '7119606190291', 'qrCode': 'https://cdn.dummyjson.com/public/qr-code.png'}",['https://cdn.dummyjson.com/product-images/kitchen-accessories/kitchen-sieve/1.webp'],https://cdn.dummyjson.com/product-images/kitchen-accessories/kitchen-sieve/thumbnail.webp
64,Knife,"The Knife is an essential kitchen tool for chopping, slicing, and dicing. Its sharp blade and ergonomic handle make it a reliable choice for food preparation.",kitchen-accessories,14.99,18.86,3.26,7,"['kitchen tools', 'cutlery']",,KIT-BRD-KNI-064,3,"{'width': 25.19, 'height': 18.52, 'depth': 20.5}",1 month warranty,Ships in 1 week,Low Stock,"[{'rating': 2, 'comment': 'Very disappointed!', 'date': '2025-04-30T09:41:02.053Z', 'reviewerName': 'Aaliyah Martinez', 'reviewerEmail': 'aaliyah.martinez@x.dummyjson.com'}, {'rating': 5, 'comment': 'Fast shipping!', 'date': '2025-04-30T09:41:02.053Z', 'reviewerName': 'Addison Wright', 'reviewerEmail': 'addison.wright@x.dummyjson.com'}, {'rating': 5, 'comment': 'Very pleased!', 'date': '2025-04-30T09:41:02.053Z', 'reviewerName': 'Mateo Nguyen', 'reviewerEmail': 'mateo.nguyen@x.dummyjson.com'}]",7 days return policy,50,"{'createdAt': '2026-04-30T12:10:13.630Z', 'updatedAt': '2026-07-13T03:04:26.038Z', 'barcode': '2258278927819', 'qrCode': 'https://cdn.dummyjson.com/public/qr-code.png'}",['https://cdn.dummyjson.com/product-images/kitchen-accessories/knife/1.webp'],https://cdn.dummyjson.com/product-images/kitchen-accessories/knife/thumbnail.webp
65,Lunch Box,"The Lunch Box is a convenient and portable container for packing and carrying your meals. With compartments for different foods, it's perfect for on-the-go dining.",kitchen-accessories,12.99,10.34,4.93,94,"['kitchen tools', 'storage']",,KIT-BRD-LUN-065,9,"{'width': 12.45, 'height': 19.08, 'depth': 8.24}",5 year warranty,Ships in 1-2 business days,In Stock,"[{'rating': 5, 'comment': 'Very pleased!', 'date': '2025-04-30T09:41:02.053Z', 'reviewerName': 'Jace Smith', 'reviewerEmail': 'jace.smith@x.dummyjson.com'}, {'rating': 5, 'comment': 'Very happy with my purchase!', 'date': '2025-04-30T09:41:02.053Z', 'reviewerName': 'Zoe Bennett', 'reviewerEmail': 'zoe.bennett@x.dummyjson.com'}, {'rating': 2, 'comment': 'Poor quality!', 'date': '2025-04-30T09:41:02.053Z', 'reviewerName': 'Michael Johnson', 'reviewerEmail': 'michael.johnson@x.dummyjson.com'}]",30 days return policy,39,"{'createdAt': '2026-01-30T13:00:28.241Z', 'updatedAt': '2026-03-29T23:24:54.272Z', 'barcode': '3287134465440', 'qrCode': 'https://cdn.dummyjson.com/public/qr-code.png'}",['https://cdn.dummyjson.com/product-images/kitchen-accessories/lunch-box/1.webp'],https://cdn.dummyjson.com/product-images/kitchen-accessories/lunch-box/thumbnail.webp
66,Microwave Oven,"The Microwave Oven is a versatile kitchen appliance for quick and efficient cooking, reheating, and defrosting. Its compact size makes it suitable for various kitchen setups.",kitchen-accessories,89.99,12.13,4.82,59,"['kitchen appliances', 'microwaves']",,KIT-BRD-MIC-066,9,"{'width': 16.31, 'height': 27.45, 'depth': 13.05}",1 year warranty,Ships in 1 week,In Stock,"[{'rating': 3, 'comment': 'Very dissatisfied!', 'date': '2025-04-30T09:41:02.053Z', 'reviewerName': 'Nora Russell', 'reviewerEmail': 'nora.russell@x.dummyjson.com'}, {'rating': 4, 'comment': 'Fast shipping!', 'date': '2025-04-30T09:41:02.053Z', 'reviewerName': 'Alice Smith', 'reviewerEmail': 'alice.smith@x.dummyjson.com'}, {'rating': 2, 'comment': 'Very disappointed!', 'date': '2025-04-30T09:41:02.053Z', 'reviewerName': 'Ethan Fletcher', 'reviewerEmail': 'ethan.fletcher@x.dummyjson.com'}]",7 days return policy,4,"{'createdAt': '2026-08-31T06:51:10.913Z', 'updatedAt': '2026-08-31T15:18:40.737Z', 'barcode': '7578271198951', 'qrCode': 'https://cdn.dummyjson.com/public/qr-code.png'}","['https://cdn.dummyjson.com/product-images/kitchen-accessories/microwave-oven/1.webp', 'https://cdn.dummyjson.com/product-images/kitchen-accessories/microwave-oven/2.webp', 'https://cdn.dummyjson.com/product-images/kitchen-accessories/microwave-oven/3.webp', 'https://cdn.dummyjson.com/product-images/kitchen-accessories/microwave-oven/4.webp']",https://cdn.dummyjson.com/product-images/kitchen-accessories/microwave-oven/thumbnail.webp
67,Mug Tree Stand,The Mug Tree Stand is a stylish and space-saving solution for organizing your mugs. Keep your favorite mugs easily accessible and neatly displayed in your kitchen.,kitchen-accessories,15.99,9.25,2.64,88,"['kitchen tools', 'organization']",,KIT-BRD-TRE-067,3,"{'width': 18.99, 'height': 27.14, 'depth': 27.29}",1 year warranty,Ships in 1 month,In Stock,"[{'rating': 1, 'comment': 'Very unhappy with my purchase!', 'date': '2025-04-30T09:41:02.053Z', 'reviewerName': 'Bella Grant', 'reviewerEmail': 'bella.grant@x.dummyjson.com'}, {'rating': 5, 'comment': 'Highly recommended!', 'date': '2025-04-30T09:41:02.053Z', 'reviewerName': 'Paisley Bell', 'reviewerEmail': 'paisley.bell@x.dummyjson.com'}, {'rating': 4, 'comment': 'Fast shipping!', 'date': '2025-04-30T09:41:02.053Z', 'reviewerName': 'David Martinez', 'reviewerEmail': 'david.martinez@x.dummyjson.com'}]",30 days return policy,45,"{'createdAt': '2026-06-02T15:40:14.737Z', 'updatedAt': '2026-07-10T06:40:28.885Z', 'barcode': '4136081478055', 'qrCode': 'https://cdn.dummyjson.com/public/qr-code.png'}","['https://cdn.dummyjson.com/product-images/kitchen-accessories/mug-tree-stand/1.webp', 'https://cdn.dummyjson.com/product-images/kitchen-accessories/mug-tree-stand/2.webp']",https://cdn.dummyjson.com/product-images/kitchen-accessories/mug-tree-stand/thumbnail.webp
68,Pan,"The Pan is a versatile and essential cookware item for frying, sautéing, and cooking various dishes. Its non-stick coating ensures easy food release and cleanup.",kitchen-accessories,24.99,3.0,2.79,90,"['cookware', 'pans']",,KIT-BRD-PRD-068,8,"{'width': 17.14, 'height': 21.7, 'depth': 25.75}",1 year warranty,Ships in 3-5 business days,In Stock,"[{'rating': 5, 'comment': 'Highly impressed!', 'date': '2025-04-30T09:41:02.053Z', 'reviewerName': 'Michael Johnson', 'reviewerEmail': 'michael.johnson@x.dummyjson.com'}, {'rating': 4, 'comment': 'Highly recommended!', 'date': '2025-04-30T09:41:02.053Z', 'reviewerName': 'Adrian Flores', 'reviewerEmail': 'adrian.flores@x.dummyjson.com'}, {'rating': 1, 'comment': 'Not as described!', 'date': '2025-04-30T09:41:02.053Z', 'reviewerName': 'Nicholas Bailey', 'reviewerEmail': 'nicholas.bailey@x.dummyjson.com'}]",30 days return policy,17,"{'createdAt': '2025-12-13T12:53:47.519Z', 'updatedAt': '2026-07-18T11:15:44.341Z', 'barcode': '5159803862015', 'qrCode': 'https://cdn.dummyjson.com/public/qr-code.png'}",['https://cdn.dummyjson.com/product-images/kitchen-accessories/pan/1.webp'],https://cdn.dummyjson.com/product-images/kitchen-accessories/pan/thumbnail.webp
69,Plate,The Plate is a classic and essential dishware item for serving meals. Its durable and stylish design makes it suitable for everyday use or special occasions.,kitchen-accessories,3.99,7.31,3.65,66,"['dinnerware', 'plates']",,KIT-BRD-PLA-069,4,"{'width': 16.46, 'height': 5.39, 'depth': 13.15}",1 year warranty,Ships in 1-2 business days,In Stock,"[{'rating': 3, 'comment': 'Disappointing product!', 'date': '2025-04-30T09:41:02.053Z', 'reviewerName': 'Mia Miller', 'reviewerEmail': 'mia.miller@x.dummyjson.com'}, {'rating': 4, 'comment': 'Great product!', 'date': '2025-04-30T09:41:02.053Z', 'reviewerName': 'Henry Adams', 'reviewerEmail': 'henry.adams@x.dummyjson.com'}, {'rating': 4, 'comment': 'Excellent quality!', 'date': '2025-04-30T09:41:02.053Z', 'reviewerName': 'Nora Russell', 'reviewerEmail': 'nora.russell@x.dummyjson.com'}]",90 days return policy,6,"{'createdAt': '2024-10-18T13:05:31.671Z', 'updatedAt': '2025-07-07T13:56:51.010Z', 'barcode': '8084753475328', 'qrCode': 'https://cdn.dummyjson.com/public/qr-code.png'}",['https://cdn.dummyjson.com/product-images/kitchen-accessories/plate/1.webp'],https://cdn.dummyjson.com/product-images/kitchen-accessories/plate/thumbnail.webp
70,Red Tongs,The Red Tongs are versatile kitchen tongs suitable for various cooking and serving tasks. Their vibrant color adds a pop of excitement to your kitchen utensils.,kitchen-accessories,6.99,14.52,4.42,82,"['kitchen tools', 'tongs']",,KIT-BRD-TON-070,7,"{'width': 22.86, 'height': 26.2, 'depth': 17}",No warranty,Ships in 1 week,In Stock,"[{'rating': 4, 'comment': 'Very satisfied!', 'date': '2025-04-30T09:41:02.053Z', 'reviewerName': 'Xavier Wright', 'reviewerEmail': 'xavier.wright@x.dummyjson.com'}, {'rating': 5, 'comment': 'Highly recommended!', 'date': '2025-04-30T09:41:02.053Z', 'reviewerName': 'Stella Hughes', 'reviewerEmail': 'stella.hughes@x.dummyjson.com'}, {'rating': 4, 'comment': 'Excellent quality!', 'date': '2025-04-30T09:41:02.053Z', 'reviewerName': 'Jaxon Barnes', 'reviewerEmail': 'jaxon.barnes@x.dummyjson.com'}]",30 days return policy,23,"{'createdAt': '2025-03-16T23:03:36.266Z', 'updatedAt': '2025-06-19T20:15:23.099Z', 'barcode': '1919888449594', 'qrCode': 'https://cdn.dummyjson.com/public/qr-code.png'}",['https://cdn.dummyjson.com/product-images/kitchen-accessories/red-tongs/1.webp'],https://cdn.dummyjson.com/product-images/kitchen-accessories/red-tongs/thumbnail.webp
71,Silver Pot With Glass Cap,"The Silver Pot with Glass Cap is a stylish and functional cookware item for boiling, simmering, and preparing delicious meals. Its glass cap allows you to monitor cooking progress.",kitchen-accessories,39.99,5.7,3.22,40,"['cookware', 'pots']",,KIT-BRD-SIL-071,7,"{'width': 21.03, 'height': 11.7, 'depth': 6.69}",1 year warranty,Ships in 1 month,In Stock,"[{'rating': 4, 'comment': 'Great product!', 'date': '2025-04-30T09:41:02.053Z', 'reviewerName': 'Julian Newton', 'reviewerEmail': 'julian.newton@x.dummyjson.com'}, {'rating': 4, 'comment': 'Excellent quality!', 'date': '2025-04-30T09:41:02.053Z', 'reviewerName': 'Noah Lewis', 'reviewerEmail': 'noah.lewis@x.dummyjson.com'}, {'rating': 1, 'comment': 'Disappointing product!', 'date': '2025-04-30T09:41:02.053Z', 'reviewerName': 'Brayden Hill', 'reviewerEmail': 'brayden.hill@x.dummyjson.com'}]",90 days return policy,10,"{'createdAt': '2025-12-06T19:48:38.077Z', 'updatedAt': '2026-06-09T04:22:45.488Z', 'barcode': '9757232943842', 'qrCode': 'https://cdn.dummyjson.com/public/qr-code.png'}",['https://cdn.dummyjson.com/product-images/kitchen-accessories/silver-pot-with-glass-cap/1.webp'],https://cdn.dummyjson.com/product-images/kitchen-accessories/silver-pot-with-glass-cap/thumbnail.webp
72,Slotted Turner,"The Slotted Turner is a kitchen utensil designed for flipping and turning food items. Its slotted design allows excess liquid to drain, making it ideal for frying and sautéing.",kitchen-accessories,8.99,13.35,3.4,88,"['kitchen tools', 'turners']",,KIT-BRD-SLO-072,8,"{'width': 14.41, 'height': 27.15, 'depth': 14.76}",Lifetime warranty,Ships in 1-2 business days,In Stock,"[{'rating': 1, 'comment': 'Would not recommend!', 'date': '2025-04-30T09:41:02.053Z', 'reviewerName': 'Ava Taylor', 'reviewerEmail': 'ava.taylor@x.dummyjson.com'}, {'rating': 2, 'comment': 'Would not recommend!', 'date': '2025-04-30T09:41:02.053Z', 'reviewerName': 'Liam Smith', 'reviewerEmail': 'liam.smith@x.dummyjson.com'}, {'rating': 5, 'comment': 'Very satisfied!', 'date': '2025-04-30T09:41:02.053Z', 'reviewerName': 'Gabriel Mitchell', 'reviewerEmail': 'gabriel.mitchell@x.dummyjson.com'}]",7 days return policy,34,"{'createdAt': '2024-10-18T18:41:29.489Z', 'updatedAt': '2026-04-14T11:14:14.924Z', 'barcode': '4396291569672', 'qrCode': 'https://cdn.dummyjson.com/public/qr-code.png'}",['https://cdn.dummyjson.com/product-images/kitchen-accessories/slotted-turner/1.webp'],https://cdn.dummyjson.com/product-images/kitchen-accessories/slotted-turner/thumbnail.webp
73,Spice Rack,The Spice Rack is a convenient organizer for your spices and seasonings. Keep your kitchen essentials within reach and neatly arranged with this stylish spice rack.,kitchen-accessories,19.99,12.09,4.87,79,"['kitchen tools', 'organization']",,KIT-BRD-SPI-073,7,"{'width': 28.06, 'height': 22.43, 'depth': 26.34}",1 week warranty,Ships overnight,In Stock,"[{'rating': 5, 'comment': 'Very satisfied!', 'date': '2025-04-30T09:41:02.053Z', 'reviewerName': 'Elena Baker', 'reviewerEmail': 'elena.baker@x.dummyjson.com'}, {'rating': 4, 'comment': 'Excellent quality!', 'date': '2025-04-30T09:41:02.053Z', 'reviewerName': 'Owen Fisher', 'reviewerEmail': 'owen.fisher@x.dummyjson.com'}, {'rating': 2, 'comment': 'Waste of money!', 'date': '2025-04-30T09:41:02.053Z', 'reviewerName': 'Sadie Morales', 'reviewerEmail': 'sadie.morales@x.dummyjson.com'}]",7 days return policy,18,"{'createdAt': '2024-10-03T01:14:57.679Z', 'updatedAt': '2025-11-07T22:32:53.465Z', 'barcode': '6149284465708', 'qrCode': 'https://cdn.dummyjson.com/public/qr-code.png'}",['https://cdn.dummyjson.com/product-images/kitchen-accessories/spice-rack/1.webp'],https://cdn.dummyjson.com/product-images/kitchen-accessories/spice-rack/thumbnail.webp
74,Spoon,"The Spoon is a versatile kitchen utensil for stirring, serving, and tasting. Its ergonomic design and durable construction make it an essential tool for every kitchen.",kitchen-accessories,4.99,1.53,4.03,59,"['kitchen tools', 'utensils']",,KIT-BRD-SPO-074,6,"{'width': 8.49, 'height': 26.04, 'depth': 27.78}",1 year warranty,Ships in 1-2 business days,In Stock,"[{'rating': 3, 'comment': 'Waste of money!', 'date': '2025-04-30T09:41:02.053Z', 'reviewerName': 'Jackson Evans', 'reviewerEmail': 'jackson.evans@x.dummyjson.com'}, {'rating': 1, 'comment': 'Disappointing product!', 'date': '2025-04-30T09:41:02.053Z', 'reviewerName': 'Elena Baker', 'reviewerEmail': 'elena.baker@x.dummyjson.com'}, {'rating': 4, 'comment': 'Awesome product!', 'date': '2025-04-30T09:41:02.053Z', 'reviewerName': 'Bella Gonzalez', 'reviewerEmail': 'bella.gonzalez@x.dummyjson.com'}]",90 days return policy,15,"{'createdAt': '2026-01-25T13:44:36.495Z', 'updatedAt': '2026-06-26T06:16:00.295Z', 'barcode': '7769627934740', 'qrCode': 'https://cdn.dummyjson.com/public/qr-code.png'}",['https://cdn.dummyjson.com/product-images/kitchen-accessories/spoon/1.webp'],https://cdn.dummyjson.com/product-images/kitchen-accessories/spoon/thumbnail.webp
75,Tray,"The Tray is a functional and decorative item for serving snacks, appetizers, or drinks. Its stylish design makes it a versatile accessory for entertaining guests.",kitchen-accessories,16.99,7.48,4.62,71,"['serveware', 'trays']",,KIT-BRD-TRA-075,10,"{'width': 12.7, 'height': 7.52, 'depth': 9.72}",5 year warranty,Ships in 2 weeks,In Stock,"[{'rating': 5, 'comment': 'Fast shipping!', 'date': '2025-04-30T09:41:02.053Z', 'reviewerName': 'Samantha Howard', 'reviewerEmail': 'samantha.howard@x.dummyjson.com'}, {'rating': 3, 'comment': 'Very disappointed!', 'date': '2025-04-30T09:41:02.053Z', 'reviewerName': 'Benjamin Wilson', 'reviewerEmail': 'benjamin.wilson@x.dummyjson.com'}, {'rating': 4, 'comment': 'Excellent quality!', 'date': '2025-04-30T09:41:02.053Z', 'reviewerName': 'Caleb Nelson', 'reviewerEmail': 'caleb.nelson@x.dummyjson.com'}]",7 days return policy,23,"{'createdAt': '2025-12-28T09:25:18.864Z', 'updatedAt': '2026-08-25T10:53:22.752Z', 'barcode': '5239514403214', 'qrCode': 'https://cdn.dummyjson.com/public/qr-code.png'}",['https://cdn.dummyjson.com/product-images/kitchen-accessories/tray/1.webp'],https://cdn.dummyjson.com/product-images/kitchen-accessories/tray/thumbnail.webp
76,Wooden Rolling Pin,The Wooden Rolling Pin is a classic kitchen tool for rolling out dough for baking. Its smooth surface and sturdy handles make it easy to achieve uniform thickness.,kitchen-accessories,11.99,9.75,2.92,80,"['kitchen tools', 'baking']",,KIT-BRD-WOO-076,7,"{'width': 5.92, 'height': 10.87, 'depth': 19.55}",3 year warranty,Ships in 2 weeks,In Stock,"[{'rating': 2, 'comment': 'Would not recommend!', 'date': '2025-04-30T09:41:02.053Z', 'reviewerName': 'Aurora Lawson', 'reviewerEmail': 'aurora.lawson@x.dummyjson.com'}, {'rating': 3, 'comment': 'Very disappointed!', 'date': '2025-04-30T09:41:02.053Z', 'reviewerName': 'Ava Taylor', 'reviewerEmail': 'ava.taylor@x.dummyjson.com'}, {'rating': 5, 'comment': 'Great product!', 'date': '2025-04-30T09:41:02.053Z', 'reviewerName': 'Mila Hernandez', 'reviewerEmail': 'mila.hernandez@x.dummyjson.com'}]",30 days return policy,11,"{'createdAt': '2026-08-18T02:19:46.537Z', 'updatedAt': '2026-08-21T01:14:28.314Z', 'barcode': '6934305212813', 'qrCode': 'https://cdn.dummyjson.com/public/qr-code.png'}",['https://cdn.dummyjson.com/product-images/kitchen-accessories/wooden-rolling-pin/1.webp'],https://cdn.dummyjson.com/product-images/kitchen-accessories/wooden-rolling-pin/thumbnail.webp
77,Yellow Peeler,The Yellow Peeler is a handy tool for peeling fruits and vegetables with ease. Its bright yellow color adds a cheerful touch to your kitchen gadgets.,kitchen-accessories,5.99,12.48,4.24,35,"['kitchen tools', 'peelers']",,KIT-BRD-YEL-077,7,"{'width': 9.7, 'height': 6.43, 'depth': 17.93}",1 month warranty,Ships in 3-5 business days,In Stock,"[{'rating': 1, 'comment': 'Very unhappy with my purchase!', 'date': '2025-04-30T09:41:02.053Z', 'reviewerName': 'Claire Foster', 'reviewerEmail': 'claire.foster@x.dummyjson.com'}, {'rating': 5, 'comment': 'Very happy with my purchase!', 'date': '2025-04-30T09:41:02.053Z', 'reviewerName': 'Aaliyah Hanson', 'reviewerEmail': 'aaliyah.hanson@x.dummyjson.com'}, {'rating': 4, 'comment': 'Great product!', 'date': '2025-04-30T09:41:02.053Z', 'reviewerName': 'Olivia Wilson', 'reviewerEmail': 'olivia.wilson@x.dummyjson.com'}]",90 days return policy,6,"{'createdAt': '2025-02-25T11:36:43.135Z', 'updatedAt': '2026-03-06T14:09:46.987Z', 'barcode': '8946155386929', 'qrCode': 'https://cdn.dummyjson.com/public/qr-code.png'}",['https://cdn.dummyjson.com/product-images/kitchen-accessories/yellow-peeler/1.webp'],https://cdn.dummyjson.com/product-images/kitchen-accessories/yellow-peeler/thumbnail.webp
78,Apple MacBook Pro 14 Inch Space Grey,"The MacBook Pro 14 Inch in Space Grey is a powerful and sleek laptop, featuring Apple's M1 Pro chip for exceptional performance and a stunning Retina display.",laptops,1999.99,4.69,3.65,24,"['laptops', 'apple']",Apple,LAP-APP-APP-078,9,"{'width': 20.03, 'height': 9.54, 'depth': 14.82}",3 year warranty,Ships in 2 weeks,In Stock,"[{'rating': 5, 'comment': 'Very happy with my purchase!', 'date': '2025-04-30T09:41:02.053Z', 'reviewerName': 'Hazel Evans', 'reviewerEmail': 'hazel.evans@x.dummyjson.com'}, {'rating': 5, 'comment': 'Very happy with my purchase!', 'date': '2025-04-30T09:41:02.053Z', 'reviewerName': 'Christopher West', 'reviewerEmail': 'christopher.west@x.dummyjson.com'}, {'rating': 4, 'comment': 'Very satisfied!', 'date': '2025-04-30T09:41:02.053Z', 'reviewerName': 'Aubrey Garcia', 'reviewerEmail': 'aubrey.garcia@x.dummyjson.com'}]",90 days return policy,1,"{'createdAt': '2024-11-17T23:57:06.898Z', 'updatedAt': '2024-12-27T05:11:16.914Z', 'barcode': '5275211560367', 'qrCode': 'https://cdn.dummyjson.com/public/qr-code.png'}","['https://cdn.dummyjson.com/product-images/laptops/apple-macbook-pro-14-inch-space-grey/1.webp', 'https://cdn.dummyjson.com/product-images/laptops/apple-macbook-pro-14-inch-space-grey/2.webp', 'https://cdn.dummyjson.com/product-images/laptops/apple-macbook-pro-14-inch-space-grey/3.webp']",https://cdn.dummyjson.com/product-images/laptops/apple-macbook-pro-14-inch-space-grey/thumbnail.webp
79,Asus Zenbook Pro Dual Screen Laptop,"The Asus Zenbook Pro Dual Screen Laptop is a high-performance device with dual screens, providing productivity and versatility for creative professionals.",laptops,1799.99,11.14,3.95,45,['laptops'],Asus,LAP-ASU-ASU-079,9,"{'width': 16.6, 'height': 11.49, 'depth': 10.89}",3 year warranty,Ships in 1 month,In Stock,"[{'rating': 4, 'comment': 'Very happy with my purchase!', 'date': '2025-04-30T09:41:02.053Z', 'reviewerName': 'Michael Johnson', 'reviewerEmail': 'michael.johnson@x.dummyjson.com'}, {'rating': 5, 'comment': 'Highly recommended!', 'date': '2025-04-30T09:41:02.053Z', 'reviewerName': 'Zoe Bennett', 'reviewerEmail': 'zoe.bennett@x.dummyjson.com'}, {'rating': 4, 'comment': 'Very satisfied!', 'date': '2025-04-30T09:41:02.053Z', 'reviewerName': 'Mila Hernandez', 'reviewerEmail': 'mila.hernandez@x.dummyjson.com'}]",7 days return policy,1,"{'createdAt': '2025-03-14T21:15:14.318Z', 'updatedAt': '2025-11-20T07:54:17.181Z', 'barcode': '7392988535158', 'qrCode': 'https://cdn.dummyjson.com/public/qr-code.png'}","['https://cdn.dummyjson.com/product-images/laptops/asus-zenbook-pro-dual-screen-laptop/1.webp', 'https://cdn.dummyjson.com/product-images/laptops/asus-zenbook-pro-dual-screen-laptop/2.webp', 'https://cdn.dummyjson.com/product-images/laptops/asus-zenbook-pro-dual-screen-laptop/3.webp']",https://cdn.dummyjson.com/product-images/laptops/asus-zenbook-pro-dual-screen-laptop/thumbnail.webp
80,Huawei Matebook X Pro,"The Huawei Matebook X Pro is a slim and stylish laptop with a high-resolution touchscreen display, offering a premium experience for users on the go.",laptops,1399.99,9.38,4.98,75,['laptops'],Huawei,LAP-HUA-HUA-080,9,"{'width': 18.21, 'height': 22.83, 'depth': 17.26}",No warranty,Ships overnight,In Stock,"[{'rating': 4, 'comment': 'Very satisfied!', 'date': '2025-04-30T09:41:02.053Z', 'reviewerName': 'Evan Wright', 'reviewerEmail': 'evan.wright@x.dummyjson.com'}, {'rating': 4, 'comment': 'Very happy with my purchase!', 'date': '2025-04-30T09:41:02.053Z', 'reviewerName': 'Hunter Gordon', 'reviewerEmail': 'hunter.gordon@x.dummyjson.com'}, {'rating': 1, 'comment': 'Not worth the price!', 'date': '2025-04-30T09:41:02.053Z', 'reviewerName': 'William Gonzalez', 'reviewerEmail': 'william.gonzalez@x.dummyjson.com'}]",60 days return policy,1,"{'createdAt': '2025-08-10T12:43:42.099Z', 'updatedAt': '2025-10-06T00:00:06.702Z', 'barcode': '0592296671061', 'qrCode': 'https://cdn.dummyjson.com/public/qr-code.png'}","['https://cdn.dummyjson.com/product-images/laptops/huawei-matebook-x-pro/1.webp', 'https://cdn.dummyjson.com/product-images/laptops/huawei-matebook-x-pro/2.webp', 'https://cdn.dummyjson.com/product-images/laptops/huawei-matebook-x-pro/3.webp']",https://cdn.dummyjson.com/product-images/laptops/huawei-matebook-x-pro/thumbnail.webp
81,Lenovo Yoga 920,"The Lenovo Yoga 920 is a 2-in-1 convertible laptop with a flexible hinge, allowing you to use it as a laptop or tablet, offering versatility and portability.",laptops,1099.99,6.55,2.86,40,['laptops'],Lenovo,LAP-LEN-LEN-081,9,"{'width': 20.84, 'height': 22.68, 'depth': 17.39}",6 months warranty,Ships in 2 weeks,In Stock,"[{'rating': 4, 'comment': 'Would buy again!', 'date': '2025-04-30T09:41:02.053Z', 'reviewerName': 'Bella Gonzalez', 'reviewerEmail': 'bella.gonzalez@x.dummyjson.com'}, {'rating': 5, 'comment': 'Great value for money!', 'date': '2025-04-30T09:41:02.053Z', 'reviewerName': 'Nathan Reed', 'reviewerEmail': 'nathan.reed@x.dummyjson.com'}, {'rating': 4, 'comment': 'Great value for money!', 'date': '2025-04-30T09:41:02.053Z', 'reviewerName': 'Hazel Gardner', 'reviewerEmail': 'hazel.gardner@x.dummyjson.com'}]",No return policy,1,"{'createdAt': '2025-07-10T02:57:46.659Z', 'updatedAt': '2025-09-24T18:18:32.504Z', 'barcode': '5506742916764', 'qrCode': 'https://cdn.dummyjson.com/public/qr-code.png'}","['https://cdn.dummyjson.com/product-images/laptops/lenovo-yoga-920/1.webp', 'https://cdn.dummyjson.com/product-images/laptops/lenovo-yoga-920/2.webp', 'https://cdn.dummyjson.com/product-images/laptops/lenovo-yoga-920/3.webp']",https://cdn.dummyjson.com/product-images/laptops/lenovo-yoga-920/thumbnail.webp
82,New DELL XPS 13 9300 Laptop,"The New DELL XPS 13 9300 Laptop is a compact and powerful device, featuring a virtually borderless InfinityEdge display and high-end performance for various tasks.",laptops,1499.99,11.89,2.67,74,['laptops'],Dell,LAP-DEL-DEL-082,2,"{'width': 13.76, 'height': 29, 'depth': 21.42}",2 year warranty,Ships in 2 weeks,In Stock,"[{'rating': 3, 'comment': 'Poor quality!', 'date': '2025-04-30T09:41:02.053Z', 'reviewerName': 'Charlotte Lopez', 'reviewerEmail': 'charlotte.lopez@x.dummyjson.com'}, {'rating': 4, 'comment': 'Very satisfied!', 'date': '2025-04-30T09:41:02.053Z', 'reviewerName': 'Alice Smith', 'reviewerEmail': 'alice.smith@x.dummyjson.com'}, {'rating': 2, 'comment': 'Disappointing product!', 'date': '2025-04-30T09:41:02.053Z', 'reviewerName': 'Ava Taylor', 'reviewerEmail': 'ava.taylor@x.dummyjson.com'}]",60 days return policy,1,"{'createdAt': '2025-02-02T14:50:44.881Z', 'updatedAt': '2026-05-24T15:02:47.324Z', 'barcode': '5963805976904', 'qrCode': 'https://cdn.dummyjson.com/public/qr-code.png'}","['https://cdn.dummyjson.com/product-images/laptops/new-dell-xps-13-9300-laptop/1.webp', 'https://cdn.dummyjson.com/product-images/laptops/new-dell-xps-13-9300-laptop/2.webp', 'https://cdn.dummyjson.com/product-images/laptops/new-dell-xps-13-9300-laptop/3.webp']",https://cdn.dummyjson.com/product-images/laptops/new-dell-xps-13-9300-laptop/thumbnail.webp
83,Blue & Black Check Shirt,"The Blue & Black Check Shirt is a stylish and comfortable men's shirt featuring a classic check pattern. Made from high-quality fabric, it's suitable for both casual and semi-formal occasions.",mens-shirts,29.99,15.35,3.64,38,"['clothing', ""men's shirts""]",Fashion Trends,MEN-FAS-BLU-083,4,"{'width': 27.49, 'height': 23.73, 'depth': 28.61}",3 year warranty,Ships in 3-5 business days,In Stock,"[{'rating': 1, 'comment': 'Waste of money!', 'date': '2025-04-30T09:41:02.053Z', 'reviewerName': 'Logan Lee', 'reviewerEmail': 'logan.lee@x.dummyjson.com'}, {'rating': 5, 'comment': 'Very satisfied!', 'date': '2025-04-30T09:41:02.053Z', 'reviewerName': 'Zachary Lee', 'reviewerEmail': 'zachary.lee@x.dummyjson.com'}, {'rating': 4, 'comment': 'Fast shipping!', 'date': '2025-04-30T09:41:02.053Z', 'reviewerName': 'Aurora Rodriguez', 'reviewerEmail': 'aurora.rodriguez@x.dummyjson.com'}]",30 days return policy,18,"{'createdAt': '2025-10-22T19:25:21.258Z', 'updatedAt': '2026-08-10T10:30:40.034Z', 'barcode': '7148674604957', 'qrCode': 'https://cdn.dummyjson.com/public/qr-code.png'}","['https://cdn.dummyjson.com/product-images/mens-shirts/blue-&-black-check-shirt/1.webp', 'https://cdn.dummyjson.com/product-images/mens-shirts/blue-&-black-check-shirt/2.webp', 'https://cdn.dummyjson.com/product-images/mens-shirts/blue-&-black-check-shirt/3.webp', 'https://cdn.dummyjson.com/product-images/mens-shirts/blue-&-black-check-shirt/4.webp']",https://cdn.dummyjson.com/product-images/mens-shirts/blue-&-black-check-shirt/thumbnail.webp
84,Gigabyte Aorus Men Tshirt,"The Gigabyte Aorus Men Tshirt is a cool and casual shirt for gaming enthusiasts. With the Aorus logo and sleek design, it's perfect for expressing your gaming style.",mens-shirts,24.99,0.94,3.18,90,"['clothing', ""men's t-shirts""]",Gigabyte,MEN-GIG-GIG-084,4,"{'width': 22.31, 'height': 26.47, 'depth': 13.27}",3 year warranty,Ships overnight,In Stock,"[{'rating': 5, 'comment': 'Excellent quality!', 'date': '2025-04-30T09:41:02.053Z', 'reviewerName': 'Amelia Perez', 'reviewerEmail': 'amelia.perez@x.dummyjson.com'}, {'rating': 5, 'comment': 'Awesome product!', 'date': '2025-04-30T09:41:02.053Z', 'reviewerName': 'Tyler Davis', 'reviewerEmail': 'tyler.davis@x.dummyjson.com'}, {'rating': 1, 'comment': 'Disappointing product!', 'date': '2025-04-30T09:41:02.053Z', 'reviewerName': 'Harper King', 'reviewerEmail': 'harper.king@x.dummyjson.com'}]",30 days return policy,16,"{'createdAt': '2025-02-03T01:53:33.526Z', 'updatedAt': '2026-06-12T06:38:46.762Z', 'barcode': '1654388837068', 'qrCode': 'https://cdn.dummyjson.com/public/qr-code.png'}","['https://cdn.dummyjson.com/product-images/mens-shirts/gigabyte-aorus-men-tshirt/1.webp', 'https://cdn.dummyjson.com/product-images/mens-shirts/gigabyte-aorus-men-tshirt/2.webp', 'https://cdn.dummyjson.com/product-images/mens-shirts/gigabyte-aorus-men-tshirt/3.webp', 'https://cdn.dummyjson.com/product-images/mens-shirts/gigabyte-aorus-men-tshirt/4.webp']",https://cdn.dummyjson.com/product-images/mens-shirts/gigabyte-aorus-men-tshirt/thumbnail.webp
85,Man Plaid Shirt,The Man Plaid Shirt is a timeless and versatile men's shirt with a classic plaid pattern. Its comfortable fit and casual style make it a wardrobe essential for various occasions.,mens-shirts,34.99,19.5,3.46,82,"['clothing', ""men's shirts""]",Classic Wear,MEN-CLA-PLA-085,3,"{'width': 9.34, 'height': 5.97, 'depth': 10.85}",1 week warranty,Ships in 1-2 business days,In Stock,"[{'rating': 3, 'comment': 'Disappointing product!', 'date': '2025-04-30T09:41:02.053Z', 'reviewerName': 'Aubrey Wagner', 'reviewerEmail': 'aubrey.wagner@x.dummyjson.com'}, {'rating': 4, 'comment': 'Awesome product!', 'date': '2025-04-30T09:41:02.053Z', 'reviewerName': 'Evan Reed', 'reviewerEmail': 'evan.reed@x.dummyjson.com'}, {'rating': 2, 'comment': 'Very disappointed!', 'date': '2025-04-30T09:41:02.053Z', 'reviewerName': 'Evelyn Gonzalez', 'reviewerEmail': 'evelyn.gonzalez@x.dummyjson.com'}]",7 days return policy,13,"{'createdAt': '2026-04-18T19:35:12.220Z', 'updatedAt': '2026-06-26T03:13:03.271Z', 'barcode': '2821496314023', 'qrCode': 'https://cdn.dummyjson.com/public/qr-code.png'}","['https://cdn.dummyjson.com/product-images/mens-shirts/man-plaid-shirt/1.webp', 'https://cdn.dummyjson.com/product-images/mens-shirts/man-plaid-shirt/2.webp', 'https://cdn.dummyjson.com/product-images/mens-shirts/man-plaid-shirt/3.webp', 'https://cdn.dummyjson.com/product-images/mens-shirts/man-plaid-shirt/4.webp']",https://cdn.dummyjson.com/product-images/mens-shirts/man-plaid-shirt/thumbnail.webp
86,Man Short Sleeve Shirt,"The Man Short Sleeve Shirt is a breezy and stylish option for warm days. With a comfortable fit and short sleeves, it's perfect for a laid-back yet polished look.",mens-shirts,19.99,6.83,2.9,2,"['clothing', ""men's shirts""]",Casual Comfort,MEN-CAS-SHO-086,2,"{'width': 5.02, 'height': 16.57, 'depth': 9.6}",3 year warranty,Ships in 2 weeks,Low Stock,"[{'rating': 5, 'comment': 'Highly recommended!', 'date': '2025-04-30T09:41:02.053Z', 'reviewerName': 'Charlotte Lopez', 'reviewerEmail': 'charlotte.lopez@x.dummyjson.com'}, {'rating': 2, 'comment': 'Poor quality!', 'date': '2025-04-30T09:41:02.053Z', 'reviewerName': 'Ellie Stewart', 'reviewerEmail': 'ellie.stewart@x.dummyjson.com'}, {'rating': 1, 'comment': 'Would not recommend!', 'date': '2025-04-30T09:41:02.053Z', 'reviewerName': 'Sadie Morales', 'reviewerEmail': 'sadie.morales@x.dummyjson.com'}]",30 days return policy,4,"{'createdAt': '2025-09-18T04:56:35.819Z', 'updatedAt': '2025-12-16T17:45:09.379Z', 'barcode': '9995865660204', 'qrCode': 'https://cdn.dummyjson.com/public/qr-code.png'}","['https://cdn.dummyjson.com/product-images/mens-shirts/man-short-sleeve-shirt/1.webp', 'https://cdn.dummyjson.com/product-images/mens-shirts/man-short-sleeve-shirt/2.webp', 'https://cdn.dummyjson.com/product-images/mens-shirts/man-short-sleeve-shirt/3.webp', 'https://cdn.dummyjson.com/product-images/mens-shirts/man-short-sleeve-shirt/4.webp']",https://cdn.dummyjson.com/product-images/mens-shirts/man-short-sleeve-shirt/thumbnail.webp
87,Men Check Shirt,"The Men Check Shirt is a classic and versatile shirt featuring a stylish check pattern. Suitable for various occasions, it adds a smart and polished touch to your wardrobe.",mens-shirts,27.99,11.38,2.72,95,"['clothing', ""men's shirts""]",Urban Chic,MEN-URB-CHE-087,10,"{'width': 23.48, 'height': 7.03, 'depth': 27.33}",No warranty,Ships in 1-2 business days,In Stock,"[{'rating': 3, 'comment': 'Would not recommend!', 'date': '2025-04-30T09:41:02.053Z', 'reviewerName': 'Mateo Nguyen', 'reviewerEmail': 'mateo.nguyen@x.dummyjson.com'}, {'rating': 5, 'comment': 'Fast shipping!', 'date': '2025-04-30T09:41:02.053Z', 'reviewerName': 'Lucas Allen', 'reviewerEmail': 'lucas.allen@x.dummyjson.com'}, {'rating': 2, 'comment': 'Very unhappy with my purchase!', 'date': '2025-04-30T09:41:02.053Z', 'reviewerName': 'Henry Adams', 'reviewerEmail': 'henry.adams@x.dummyjson.com'}]",30 days return policy,12,"{'createdAt': '2026-01-03T08:51:47.872Z', 'updatedAt': '2026-02-25T19:49:36.998Z', 'barcode': '9680331363394', 'qrCode': 'https://cdn.dummyjson.com/public/qr-code.png'}","['https://cdn.dummyjson.com/product-images/mens-shirts/men-check-shirt/1.webp', 'https://cdn.dummyjson.com/product-images/mens-shirts/men-check-shirt/2.webp', 'https://cdn.dummyjson.com/product-images/mens-shirts/men-check-shirt/3.webp', 'https://cdn.dummyjson.com/product-images/mens-shirts/men-check-shirt/4.webp']",https://cdn.dummyjson.com/product-images/mens-shirts/men-check-shirt/thumbnail.webp
88,Nike Air Jordan 1 Red And Black,"The Nike Air Jordan 1 in Red and Black is an iconic basketball sneaker known for its stylish design and high-performance features, making it a favorite among sneaker enthusiasts and athletes.",mens-shoes,149.99,4.12,4.77,7,"['footwear', 'athletic shoes']",Nike,MEN-NIK-NIK-088,3,"{'width': 17.44, 'height': 9.52, 'depth': 27}",1 year warranty,Ships in 1 week,In Stock,"[{'rating': 5, 'comment': 'Highly impressed!', 'date': '2025-04-30T09:41:02.053Z', 'reviewerName': 'Elena Long', 'reviewerEmail': 'elena.long@x.dummyjson.com'}, {'rating': 4, 'comment': 'Very happy with my purchase!', 'date': '2025-04-30T09:41:02.053Z', 'reviewerName': 'Addison Wright', 'reviewerEmail': 'addison.wright@x.dummyjson.com'}, {'rating': 1, 'comment': 'Waste of money!', 'date': '2025-04-30T09:41:02.053Z', 'reviewerName': 'Mason Wright', 'reviewerEmail': 'mason.wright@x.dummyjson.com'}]",No return policy,1,"{'createdAt': '2026-02-24T07:04:24.820Z', 'updatedAt': '2026-04-15T17:53:08.289Z', 'barcode': '7631625812393', 'qrCode': 'https://cdn.dummyjson.com/public/qr-code.png'}","['https://cdn.dummyjson.com/product-images/mens-shoes/nike-air-jordan-1-red-and-black/1.webp', 'https://cdn.dummyjson.com/product-images/mens-shoes/nike-air-jordan-1-red-and-black/2.webp', 'https://cdn.dummyjson.com/product-images/mens-shoes/nike-air-jordan-1-red-and-black/3.webp', 'https://cdn.dummyjson.com/product-images/mens-shoes/nike-air-jordan-1-red-and-black/4.webp']",https://cdn.dummyjson.com/product-images/mens-shoes/nike-air-jordan-1-red-and-black/thumbnail.webp
89,Nike Baseball Cleats,Nike Baseball Cleats are designed for maximum traction and performance on the baseball field. They provide stability and support for players during games and practices.,mens-shoes,79.99,18.04,3.88,12,"['footwear', 'sports cleats']",Nike,MEN-NIK-NIK-089,9,"{'width': 11.75, 'height': 26.65, 'depth': 19.6}",6 months warranty,Ships in 2 weeks,In Stock,"[{'rating': 5, 'comment': 'Would buy again!', 'date': '2025-04-30T09:41:02.053Z', 'reviewerName': 'Aaron Cook', 'reviewerEmail': 'aaron.cook@x.dummyjson.com'}, {'rating': 2, 'comment': 'Very disappointed!', 'date': '2025-04-30T09:41:02.053Z', 'reviewerName': 'Noah Lewis', 'reviewerEmail': 'noah.lewis@x.dummyjson.com'}, {'rating': 3, 'comment': 'Would not recommend!', 'date': '2025-04-30T09:41:02.053Z', 'reviewerName': 'Michael Johnson', 'reviewerEmail': 'michael.johnson@x.dummyjson.com'}]",No return policy,3,"{'createdAt': '2025-03-30T18:54:33.363Z', 'updatedAt': '2026-07-25T08:37:22.936Z', 'barcode': '2449851358796', 'qrCode': 'https://cdn.dummyjson.com/public/qr-code.png'}","['https://cdn.dummyjson.com/product-images/mens-shoes/nike-baseball-cleats/1.webp', 'https://cdn.dummyjson.com/product-images/mens-shoes/nike-baseball-cleats/2.webp', 'https://cdn.dummyjson.com/product-images/mens-shoes/nike-baseball-cleats/3.webp', 'https://cdn.dummyjson.com/product-images/mens-shoes/nike-baseball-cleats/4.webp']",https://cdn.dummyjson.com/product-images/mens-shoes/nike-baseball-cleats/thumbnail.webp
90,Puma Future Rider Trainers,"The Puma Future Rider Trainers offer a blend of retro style and modern comfort. Perfect for casual wear, these trainers provide a fashionable and comfortable option for everyday use.",mens-shoes,89.99,4.2,4.9,90,"['footwear', 'casual shoes']",Puma,MEN-PUM-PUM-090,6,"{'width': 17.45, 'height': 15.58, 'depth': 23.13}",5 year warranty,Ships in 1-2 business days,In Stock,"[{'rating': 5, 'comment': 'Highly impressed!', 'date': '2025-04-30T09:41:02.053Z', 'reviewerName': 'Jackson Morales', 'reviewerEmail': 'jackson.morales@x.dummyjson.com'}, {'rating': 1, 'comment': 'Very disappointed!', 'date': '2025-04-30T09:41:02.053Z', 'reviewerName': 'Sophia Jones', 'reviewerEmail': 'sophia.jones@x.dummyjson.com'}, {'rating': 5, 'comment': 'Very pleased!', 'date': '2025-04-30T09:41:02.053Z', 'reviewerName': 'Logan Torres', 'reviewerEmail': 'logan.torres@x.dummyjson.com'}]",90 days return policy,10,"{'createdAt': '2025-09-11T08:05:01.842Z', 'updatedAt': '2026-06-06T09:32:06.916Z', 'barcode': '9715091831404', 'qrCode': 'https://cdn.dummyjson.com/public/qr-code.png'}","['https://cdn.dummyjson.com/product-images/mens-shoes/puma-future-rider-trainers/1.webp', 'https://cdn.dummyjson.com/product-images/mens-shoes/puma-future-rider-trainers/2.webp', 'https://cdn.dummyjson.com/product-images/mens-shoes/puma-future-rider-trainers/3.webp', 'https://cdn.dummyjson.com/product-images/mens-shoes/puma-future-rider-trainers/4.webp']",https://cdn.dummyjson.com/product-images/mens-shoes/puma-future-rider-trainers/thumbnail.webp
91,Sports Sneakers Off White & Red,"The Sports Sneakers in Off White and Red combine style and functionality, making them a fashionable choice for sports enthusiasts. The red and off-white color combination adds a bold and energetic touch.",mens-shoes,119.99,4.97,4.77,17,"['footwear', 'athletic shoes']",Off White,MEN-OFF-SPO-091,7,"{'width': 14.37, 'height': 23.44, 'depth': 12.84}",1 week warranty,Ships in 3-5 business days,In Stock,"[{'rating': 4, 'comment': 'Would buy again!', 'date': '2025-04-30T09:41:02.053Z', 'reviewerName': 'Sadie Morales', 'reviewerEmail': 'sadie.morales@x.dummyjson.com'}, {'rating': 5, 'comment': 'Fast shipping!', 'date': '2025-04-30T09:41:02.053Z', 'reviewerName': 'Julian Newton', 'reviewerEmail': 'julian.newton@x.dummyjson.com'}, {'rating': 5, 'comment': 'Awesome product!', 'date': '2025-04-30T09:41:02.053Z', 'reviewerName': 'Logan Lee', 'reviewerEmail': 'logan.lee@x.dummyjson.com'}]",30 days return policy,5,"{'createdAt': '2025-11-14T03:53:27.125Z', 'updatedAt': '2026-06-23T07:36:55.241Z', 'barcode': '6740319943645', 'qrCode': 'https://cdn.dummyjson.com/public/qr-code.png'}","['https://cdn.dummyjson.com/product-images/mens-shoes/sports-sneakers-off-white-&-red/1.webp', 'https://cdn.dummyjson.com/product-images/mens-shoes/sports-sneakers-off-white-&-red/2.webp', 'https://cdn.dummyjson.com/product-images/mens-shoes/sports-sneakers-off-white-&-red/3.webp', 'https://cdn.dummyjson.com/product-images/mens-shoes/sports-sneakers-off-white-&-red/4.webp']",https://cdn.dummyjson.com/product-images/mens-shoes/sports-sneakers-off-white-&-red/thumbnail.webp
92,Sports Sneakers Off White Red,"Another variant of the Sports Sneakers in Off White Red, featuring a unique design. These sneakers offer style and comfort for casual occasions.",mens-shoes,109.99,0.04,4.69,62,"['footwear', 'casual shoes']",Off White,MEN-OFF-SPO-092,9,"{'width': 21.43, 'height': 9.86, 'depth': 28.5}",3 months warranty,Ships overnight,In Stock,"[{'rating': 4, 'comment': 'Excellent quality!', 'date': '2025-04-30T09:41:02.053Z', 'reviewerName': 'Aurora Lawson', 'reviewerEmail': 'aurora.lawson@x.dummyjson.com'}, {'rating': 5, 'comment': 'Great value for money!', 'date': '2025-04-30T09:41:02.053Z', 'reviewerName': 'Gabriel Mitchell', 'reviewerEmail': 'gabriel.mitchell@x.dummyjson.com'}, {'rating': 1, 'comment': 'Not worth the price!', 'date': '2025-04-30T09:41:02.053Z', 'reviewerName': 'Eli Bennett', 'reviewerEmail': 'eli.bennett@x.dummyjson.com'}]",60 days return policy,3,"{'createdAt': '2025-10-23T21:40:02.101Z', 'updatedAt': '2026-07-08T08:17:41.089Z', 'barcode': '0430266023617', 'qrCode': 'https://cdn.dummyjson.com/public/qr-code.png'}","['https://cdn.dummyjson.com/product-images/mens-shoes/sports-sneakers-off-white-red/1.webp', 'https://cdn.dummyjson.com/product-images/mens-shoes/sports-sneakers-off-white-red/2.webp', 'https://cdn.dummyjson.com/product-images/mens-shoes/sports-sneakers-off-white-red/3.webp', 'https://cdn.dummyjson.com/product-images/mens-shoes/sports-sneakers-off-white-red/4.webp']",https://cdn.dummyjson.com/product-images/mens-shoes/sports-sneakers-off-white-red/thumbnail.webp
93,Brown Leather Belt Watch,"The Brown Leather Belt Watch is a stylish timepiece with a classic design. Featuring a genuine leather strap and a sleek dial, it adds a touch of sophistication to your look.",mens-watches,89.99,5.99,4.19,32,"['watches', 'leather watches']",Fashion Timepieces,MEN-FAS-BRO-093,10,"{'width': 16.65, 'height': 6.15, 'depth': 20.18}",1 year warranty,Ships in 1 month,In Stock,"[{'rating': 1, 'comment': 'Very unhappy with my purchase!', 'date': '2025-04-30T09:41:02.053Z', 'reviewerName': 'James Garcia', 'reviewerEmail': 'james.garcia@x.dummyjson.com'}, {'rating': 4, 'comment': 'Fast shipping!', 'date': '2025-04-30T09:41:02.053Z', 'reviewerName': 'Avery Barnes', 'reviewerEmail': 'avery.barnes@x.dummyjson.com'}, {'rating': 4, 'comment': 'Would buy again!', 'date': '2025-04-30T09:41:02.053Z', 'reviewerName': 'David Martinez', 'reviewerEmail': 'david.martinez@x.dummyjson.com'}]",30 days return policy,7,"{'createdAt': '2025-03-17T02:17:20.281Z', 'updatedAt': '2025-03-21T22:49:43.751Z', 'barcode': '4027206714862', 'qrCode': 'https://cdn.dummyjson.com/public/qr-code.png'}","['https://cdn.dummyjson.com/product-images/mens-watches/brown-leather-belt-watch/1.webp', 'https://cdn.dummyjson.com/product-images/mens-watches/brown-leather-belt-watch/2.webp', 'https://cdn.dummyjson.com/product-images/mens-watches/brown-leather-belt-watch/3.webp']",https://cdn.dummyjson.com/product-images/mens-watches/brown-leather-belt-watch/thumbnail.webp
94,Longines Master Collection,"The Longines Master Collection is an elegant and refined watch known for its precision and craftsmanship. With a timeless design, it's a symbol of luxury and sophistication.",mens-watches,1499.99,17.24,3.87,100,"['watches', 'luxury watches']",Longines,MEN-LON-LON-094,4,"{'width': 15.39, 'height': 10.06, 'depth': 20.32}",1 week warranty,Ships in 1-2 business days,In Stock,"[{'rating': 4, 'comment': 'Highly impressed!', 'date': '2025-04-30T09:41:02.053Z', 'reviewerName': 'Eli Ward', 'reviewerEmail': 'eli.ward@x.dummyjson.com'}, {'rating': 3, 'comment': 'Very disappointed!', 'date': '2025-04-30T09:41:02.053Z', 'reviewerName': 'Owen Fisher', 'reviewerEmail': 'owen.fisher@x.dummyjson.com'}, {'rating': 5, 'comment': 'Great product!', 'date': '2025-04-30T09:41:02.053Z', 'reviewerName': 'Nathan Reed', 'reviewerEmail': 'nathan.reed@x.dummyjson.com'}]",7 days return policy,1,"{'createdAt': '2025-10-25T00:13:59.189Z', 'updatedAt': '2026-08-03T06:57:11.915Z', 'barcode': '5984080925625', 'qrCode': 'https://cdn.dummyjson.com/public/qr-code.png'}","['https://cdn.dummyjson.com/product-images/mens-watches/longines-master-collection/1.webp', 'https://cdn.dummyjson.com/product-images/mens-watches/longines-master-collection/2.webp', 'https://cdn.dummyjson.com/product-images/mens-watches/longines-master-collection/3.webp']",https://cdn.dummyjson.com/product-images/mens-watches/longines-master-collection/thumbnail.webp
95,Rolex Cellini Date Black Dial,"The Rolex Cellini Date with Black Dial is a classic and prestigious watch. With a black dial and date complication, it exudes sophistication and is a symbol of Rolex's heritage.",mens-watches,8999.99,8.88,4.97,40,"['watches', 'luxury watches']",Rolex,MEN-ROL-ROL-095,2,"{'width': 13.46, 'height': 26.1, 'depth': 17.9}",3 months warranty,Ships in 1 week,In Stock,"[{'rating': 3, 'comment': 'Not worth the price!', 'date': '2025-04-30T09:41:02.053Z', 'reviewerName': 'Owen Sullivan', 'reviewerEmail': 'owen.sullivan@x.dummyjson.com'}, {'rating': 4, 'comment': 'Very satisfied!', 'date': '2025-04-30T09:41:02.053Z', 'reviewerName': 'Jonathan Pierce', 'reviewerEmail': 'jonathan.pierce@x.dummyjson.com'}, {'rating': 1, 'comment': 'Would not buy again!', 'date': '2025-04-30T09:41:02.053Z', 'reviewerName': 'Adrian Flores', 'reviewerEmail': 'adrian.flores@x.dummyjson.com'}]",90 days return policy,1,"{'createdAt': '2025-03-03T23:27:11.071Z', 'updatedAt': '2026-07-19T01:14:01.897Z', 'barcode': '9663455783895', 'qrCode': 'https://cdn.dummyjson.com/public/qr-code.png'}","['https://cdn.dummyjson.com/product-images/mens-watches/rolex-cellini-date-black-dial/1.webp', 'https://cdn.dummyjson.com/product-images/mens-watches/rolex-cellini-date-black-dial/2.webp', 'https://cdn.dummyjson.com/product-images/mens-watches/rolex-cellini-date-black-dial/3.webp']",https://cdn.dummyjson.com/product-images/mens-watches/rolex-cellini-date-black-dial/thumbnail.webp
96,Rolex Cellini Moonphase,"The Rolex Cellini Moonphase is a masterpiece of horology, featuring a moon phase complication and exquisite design. It reflects Rolex's commitment to precision and elegance.",mens-watches,12999.99,17.52,2.58,36,"['watches', 'luxury watches']",Rolex,MEN-ROL-ROL-096,2,"{'width': 26.06, 'height': 25.19, 'depth': 13.17}",6 months warranty,Ships overnight,In Stock,"[{'rating': 3, 'comment': 'Poor quality!', 'date': '2025-04-30T09:41:02.053Z', 'reviewerName': 'Ella Adams', 'reviewerEmail': 'ella.adams@x.dummyjson.com'}, {'rating': 5, 'comment': 'Very satisfied!', 'date': '2025-04-30T09:41:02.053Z', 'reviewerName': 'Leo Rivera', 'reviewerEmail': 'leo.rivera@x.dummyjson.com'}, {'rating': 4, 'comment': 'Very pleased!', 'date': '2025-04-30T09:41:02.053Z', 'reviewerName': 'Emma Miller', 'reviewerEmail': 'emma.miller@x.dummyjson.com'}]",7 days return policy,1,"{'createdAt': '2026-05-21T10:16:10.645Z', 'updatedAt': '2026-06-09T11:13:14.385Z', 'barcode': '1957304538726', 'qrCode': 'https://cdn.dummyjson.com/public/qr-code.png'}","['https://cdn.dummyjson.com/product-images/mens-watches/rolex-cellini-moonphase/1.webp', 'https://cdn.dummyjson.com/product-images/mens-watches/rolex-cellini-moonphase/2.webp', 'https://cdn.dummyjson.com/product-images/mens-watches/rolex-cellini-moonphase/3.webp']",https://cdn.dummyjson.com/product-images/mens-watches/rolex-cellini-moonphase/thumbnail.webp
97,Rolex Datejust,"The Rolex Datejust is an iconic and versatile timepiece with a date window. Known for its timeless design and reliability, it's a symbol of Rolex's watchmaking excellence.",mens-watches,10999.99,3.73,3.66,86,"['watches', 'luxury watches']",Rolex,MEN-ROL-ROL-097,4,"{'width': 23.11, 'height': 19.97, 'depth': 27.04}",2 year warranty,Ships in 1 month,In Stock,"[{'rating': 4, 'comment': 'Fast shipping!', 'date': '2025-04-30T09:41:02.053Z', 'reviewerName': 'Alice Smith', 'reviewerEmail': 'alice.smith@x.dummyjson.com'}, {'rating': 4, 'comment': 'Very pleased!', 'date': '2025-04-30T09:41:02.053Z', 'reviewerName': 'Abigail Rivera', 'reviewerEmail': 'abigail.rivera@x.dummyjson.com'}, {'rating': 3, 'comment': 'Waste of money!', 'date': '2025-04-30T09:41:02.053Z', 'reviewerName': 'Daniel Cook', 'reviewerEmail': 'daniel.cook@x.dummyjson.com'}]",7 days return policy,1,"{'createdAt': '2025-06-18T17:37:29.272Z', 'updatedAt': '2025-07-30T04:01:38.965Z', 'barcode': '8893788734644', 'qrCode': 'https://cdn.dummyjson.com/public/qr-code.png'}","['https://cdn.dummyjson.com/product-images/mens-watches/rolex-datejust/1.webp', 'https://cdn.dummyjson.com/product-images/mens-watches/rolex-datejust/2.webp', 'https://cdn.dummyjson.com/product-images/mens-watches/rolex-datejust/3.webp']",https://cdn.dummyjson.com/product-images/mens-watches/rolex-datejust/thumbnail.webp
98,Rolex Submariner Watch,"The Rolex Submariner is a legendary dive watch with a rich history. Known for its durability and water resistance, it's a symbol of adventure and exploration.",mens-watches,13999.99,5.05,2.69,55,"['watches', 'luxury watches']",Rolex,MEN-ROL-ROL-098,4,"{'width': 17.69, 'height': 12.48, 'depth': 8.75}",5 year warranty,Ships in 1 month,In Stock,"[{'rating': 4, 'comment': 'Great value for money!', 'date': '2025-04-30T09:41:02.053Z', 'reviewerName': 'Luna Perez', 'reviewerEmail': 'luna.perez@x.dummyjson.com'}, {'rating': 5, 'comment': 'Highly recommended!', 'date': '2025-04-30T09:41:02.053Z', 'reviewerName': 'Hannah Robinson', 'reviewerEmail': 'hannah.robinson@x.dummyjson.com'}, {'rating': 5, 'comment': 'Fast shipping!', 'date': '2025-04-30T09:41:02.053Z', 'reviewerName': 'Aaliyah Hanson', 'reviewerEmail': 'aaliyah.hanson@x.dummyjson.com'}]",90 days return policy,1,"{'createdAt': '2025-06-24T13:42:45.018Z', 'updatedAt': '2026-03-03T06:18:58.718Z', 'barcode': '7133320173118', 'qrCode': 'https://cdn.dummyjson.com/public/qr-code.png'}","['https://cdn.dummyjson.com/product-images/mens-watches/rolex-submariner-watch/1.webp', 'https://cdn.dummyjson.com/product-images/mens-watches/rolex-submariner-watch/2.webp', 'https://cdn.dummyjson.com/product-images/mens-watches/rolex-submariner-watch/3.webp']",https://cdn.dummyjson.com/product-images/mens-watches/rolex-submariner-watch/thumbnail.webp
99,Amazon Echo Plus,The Amazon Echo Plus is a smart speaker with built-in Alexa voice control. It features premium sound quality and serves as a hub for controlling smart home devices.,mobile-accessories,99.99,12.07,4.99,61,"['electronics', 'smart speakers']",Amazon,MOB-AMA-AMA-099,5,"{'width': 12.68, 'height': 15.24, 'depth': 27.46}",6 months warranty,Ships in 1 week,In Stock,"[{'rating': 2, 'comment': 'Would not recommend!', 'date': '2025-04-30T09:41:02.053Z', 'reviewerName': 'Chloe Morales', 'reviewerEmail': 'chloe.morales@x.dummyjson.com'}, {'rating': 3, 'comment': 'Very disappointed!', 'date': '2025-04-30T09:41:02.053Z', 'reviewerName': 'Mateo Perez', 'reviewerEmail': 'mateo.perez@x.dummyjson.com'}, {'rating': 4, 'comment': 'Fast shipping!', 'date': '2025-04-30T09:41:02.053Z', 'reviewerName': 'Evelyn Walker', 'reviewerEmail': 'evelyn.walker@x.dummyjson.com'}]",7 days return policy,9,"{'createdAt': '2025-07-15T21:49:36.407Z', 'updatedAt': '2026-02-23T20:47:50.249Z', 'barcode': '2256117192038', 'qrCode': 'https://cdn.dummyjson.com/public/qr-code.png'}","['https://cdn.dummyjson.com/product-images/mobile-accessories/amazon-echo-plus/1.webp', 'https://cdn.dummyjson.com/product-images/mobile-accessories/amazon-echo-plus/2.webp']",https://cdn.dummyjson.com/product-images/mobile-accessories/amazon-echo-plus/thumbnail.webp
100,Apple Airpods,"The Apple Airpods offer a seamless wireless audio experience. With easy pairing, high-quality sound, and Siri integration, they are perfect for on-the-go listening.",mobile-accessories,129.99,15.54,4.15,67,"['electronics', 'wireless earphones']",Apple,MOB-APP-APP-100,4,"{'width': 25.79, 'height': 18.38, 'depth': 11.53}",3 year warranty,Ships in 3-5 business days,In Stock,"[{'rating': 3, 'comment': 'Would not buy again!', 'date': '2025-04-30T09:41:02.053Z', 'reviewerName': 'Christopher West', 'reviewerEmail': 'christopher.west@x.dummyjson.com'}, {'rating': 5, 'comment': 'Great product!', 'date': '2025-04-30T09:41:02.053Z', 'reviewerName': 'Emma Wilson', 'reviewerEmail': 'emma.wilson@x.dummyjson.com'}, {'rating': 4, 'comment': 'Excellent quality!', 'date': '2025-04-30T09:41:02.053Z', 'reviewerName': 'Xavier Wright', 'reviewerEmail': 'xavier.wright@x.dummyjson.com'}]",No return policy,4,"{'createdAt': '2026-04-25T02:22:32.254Z', 'updatedAt': '2026-06-19T06:19:34.587Z', 'barcode': '1104115683955', 'qrCode': 'https://cdn.dummyjson.com/public/qr-code.png'}","['https://cdn.dummyjson.com/product-images/mobile-accessories/apple-airpods/1.webp', 'https://cdn.dummyjson.com/product-images/mobile-accessories/apple-airpods/2.webp', 'https://cdn.dummyjson.com/product-images/mobile-accessories/apple-airpods/3.webp']",https://cdn.dummyjson.com/product-images/mobile-accessories/apple-airpods/thumbnail.webp
101,Apple AirPods Max Silver,"The Apple AirPods Max in Silver are premium over-ear headphones with high-fidelity audio, adaptive EQ, and active noise cancellation. Experience immersive sound in style.",mobile-accessories,549.99,13.67,3.47,59,"['electronics', 'over-ear headphones']",Apple,MOB-APP-APP-101,2,"{'width': 24.88, 'height': 14.9, 'depth': 27.54}",No warranty,Ships in 2 weeks,In Stock,"[{'rating': 5, 'comment': 'Excellent quality!', 'date': '2025-04-30T09:41:02.053Z', 'reviewerName': 'Henry Adams', 'reviewerEmail': 'henry.adams@x.dummyjson.com'}, {'rating': 4, 'comment': 'Very happy with my purchase!', 'date': '2025-04-30T09:41:02.053Z', 'reviewerName': 'Elijah Cruz', 'reviewerEmail': 'elijah.cruz@x.dummyjson.com'}, {'rating': 4, 'comment': 'Would buy again!', 'date': '2025-04-30T09:41:02.053Z', 'reviewerName': 'William Lopez', 'reviewerEmail': 'william.lopez@x.dummyjson.com'}]",No return policy,1,"{'createdAt': '2025-04-30T05:48:38.966Z', 'updatedAt': '2026-02-26T10:53:58.445Z', 'barcode': '4062176053732', 'qrCode': 'https://cdn.dummyjson.com/public/qr-code.png'}",['https://cdn.dummyjson.com/product-images/mobile-accessories/apple-airpods-max-silver/1.webp'],https://cdn.dummyjson.com/product-images/mobile-accessories/apple-airpods-max-silver/thumbnail.webp
102,Apple Airpower Wireless Charger,The Apple AirPower Wireless Charger provides a convenient way to charge your compatible Apple devices wirelessly. Simply place your devices on the charging mat for effortless charging.,mobile-accessories,79.99,4.48,3.68,1,"['electronics', 'wireless chargers']",Apple,MOB-APP-APP-102,5,"{'width': 25.25, 'height': 25.44, 'depth': 10.98}",2 year warranty,Ships in 1 week,Low Stock,"[{'rating': 5, 'comment': 'Would buy again!', 'date': '2025-04-30T09:41:02.053Z', 'reviewerName': 'Christian Perez', 'reviewerEmail': 'christian.perez@x.dummyjson.com'}, {'rating': 4, 'comment': 'Awesome product!', 'date': '2025-04-30T09:41:02.053Z', 'reviewerName': 'Ruby Andrews', 'reviewerEmail': 'ruby.andrews@x.dummyjson.com'}, {'rating': 3, 'comment': 'Not worth the price!', 'date': '2025-04-30T09:41:02.053Z', 'reviewerName': 'Harper Turner', 'reviewerEmail': 'harper.turner@x.dummyjson.com'}]",90 days return policy,7,"{'createdAt': '2026-07-03T04:26:29.637Z', 'updatedAt': '2026-08-02T19:34:22.498Z', 'barcode': '3323662242939', 'qrCode': 'https://cdn.dummyjson.com/public/qr-code.png'}",['https://cdn.dummyjson.com/product-images/mobile-accessories/apple-airpower-wireless-charger/1.webp'],https://cdn.dummyjson.com/product-images/mobile-accessories/apple-airpower-wireless-charger/thumbnail.webp
103,Apple HomePod Mini Cosmic Grey,The Apple HomePod Mini in Cosmic Grey is a compact smart speaker that delivers impressive audio and integrates seamlessly with the Apple ecosystem for a smart home experience.,mobile-accessories,99.99,18.1,4.62,27,"['electronics', 'smart speakers']",Apple,MOB-APP-APP-103,10,"{'width': 16.02, 'height': 29.2, 'depth': 19.81}",3 months warranty,Ships in 1 month,In Stock,"[{'rating': 5, 'comment': 'Great product!', 'date': '2025-04-30T09:41:02.053Z', 'reviewerName': 'Max Russell', 'reviewerEmail': 'max.russell@x.dummyjson.com'}, {'rating': 3, 'comment': 'Would not buy again!', 'date': '2025-04-30T09:41:02.053Z', 'reviewerName': 'Isaac Lawrence', 'reviewerEmail': 'isaac.lawrence@x.dummyjson.com'}, {'rating': 4, 'comment': 'Very pleased!', 'date': '2025-04-30T09:41:02.053Z', 'reviewerName': 'Avery Carter', 'reviewerEmail': 'avery.carter@x.dummyjson.com'}]",90 days return policy,8,"{'createdAt': '2026-08-30T05:03:41.643Z', 'updatedAt': '2026-08-30T22:35:39.055Z', 'barcode': '6135642608024', 'qrCode': 'https://cdn.dummyjson.com/public/qr-code.png'}",['https://cdn.dummyjson.com/product-images/mobile-accessories/apple-homepod-mini-cosmic-grey/1.webp'],https://cdn.dummyjson.com/product-images/mobile-accessories/apple-homepod-mini-cosmic-grey/thumbnail.webp
104,Apple iPhone Charger,The Apple iPhone Charger is a high-quality charger designed for fast and efficient charging of your iPhone. Ensure your device stays powered up and ready to go.,mobile-accessories,19.99,18.52,4.15,31,"['electronics', 'chargers']",Apple,MOB-APP-APP-104,1,"{'width': 13.63, 'height': 26.25, 'depth': 5.95}",1 year warranty,Ships in 2 weeks,In Stock,"[{'rating': 1, 'comment': 'Very disappointed!', 'date': '2025-04-30T09:41:02.053Z', 'reviewerName': 'Sadie Morales', 'reviewerEmail': 'sadie.morales@x.dummyjson.com'}, {'rating': 5, 'comment': 'Great product!', 'date': '2025-04-30T09:41:02.053Z', 'reviewerName': 'Lily Torres', 'reviewerEmail': 'lily.torres@x.dummyjson.com'}, {'rating': 2, 'comment': 'Waste of money!', 'date': '2025-04-30T09:41:02.053Z', 'reviewerName': 'Luke Cooper', 'reviewerEmail': 'luke.cooper@x.dummyjson.com'}]",90 days return policy,14,"{'createdAt': '2025-08-18T18:08:42.395Z', 'updatedAt': '2026-07-16T18:55:42.348Z', 'barcode': '0879776541417', 'qrCode': 'https://cdn.dummyjson.com/public/qr-code.png'}","['https://cdn.dummyjson.com/product-images/mobile-accessories/apple-iphone-charger/1.webp', 'https://cdn.dummyjson.com/product-images/mobile-accessories/apple-iphone-charger/2.webp']",https://cdn.dummyjson.com/product-images/mobile-accessories/apple-iphone-charger/thumbnail.webp
105,Apple MagSafe Battery Pack,The Apple MagSafe Battery Pack is a portable and convenient way to add extra battery life to your MagSafe-compatible iPhone. Attach it magnetically for a secure connection.,mobile-accessories,99.99,17.17,3.62,1,"['electronics', 'power banks']",Apple,MOB-APP-APP-105,6,"{'width': 15.4, 'height': 11.89, 'depth': 19.67}",2 year warranty,Ships overnight,Low Stock,"[{'rating': 2, 'comment': 'Would not recommend!', 'date': '2025-04-30T09:41:02.053Z', 'reviewerName': 'Stella Morris', 'reviewerEmail': 'stella.morris@x.dummyjson.com'}, {'rating': 2, 'comment': 'Not as described!', 'date': '2025-04-30T09:41:02.053Z', 'reviewerName': 'Henry Adams', 'reviewerEmail': 'henry.adams@x.dummyjson.com'}, {'rating': 5, 'comment': 'Fast shipping!', 'date': '2025-04-30T09:41:02.053Z', 'reviewerName': 'Cameron Burke', 'reviewerEmail': 'cameron.burke@x.dummyjson.com'}]",No return policy,4,"{'createdAt': '2025-05-31T16:10:07.856Z', 'updatedAt': '2026-01-04T10:13:57.872Z', 'barcode': '5157424897794', 'qrCode': 'https://cdn.dummyjson.com/public/qr-code.png'}","['https://cdn.dummyjson.com/product-images/mobile-accessories/apple-magsafe-battery-pack/1.webp', 'https://cdn.dummyjson.com/product-images/mobile-accessories/apple-magsafe-battery-pack/2.webp']",https://cdn.dummyjson.com/product-images/mobile-accessories/apple-magsafe-battery-pack/thumbnail.webp
106,Apple Watch Series 4 Gold,"The Apple Watch Series 4 in Gold is a stylish and advanced smartwatch with features like heart rate monitoring, fitness tracking, and a beautiful Retina display.",mobile-accessories,349.99,12.02,2.74,33,"['electronics', 'smartwatches']",Apple,MOB-APP-APP-106,6,"{'width': 27.69, 'height': 28.03, 'depth': 7.11}",6 months warranty,Ships in 1 month,In Stock,"[{'rating': 3, 'comment': 'Very unhappy with my purchase!', 'date': '2025-04-30T09:41:02.053Z', 'reviewerName': 'Chloe Morales', 'reviewerEmail': 'chloe.morales@x.dummyjson.com'}, {'rating': 4, 'comment': 'Fast shipping!', 'date': '2025-04-30T09:41:02.053Z', 'reviewerName': 'Ava Harrison', 'reviewerEmail': 'ava.harrison@x.dummyjson.com'}, {'rating': 4, 'comment': 'Would buy again!', 'date': '2025-04-30T09:41:02.053Z', 'reviewerName': 'Nicholas Bailey', 'reviewerEmail': 'nicholas.bailey@x.dummyjson.com'}]",No return policy,3,"{'createdAt': '2025-08-16T21:47:45.110Z', 'updatedAt': '2026-06-23T09:55:05.261Z', 'barcode': '3921248718888', 'qrCode': 'https://cdn.dummyjson.com/public/qr-code.png'}","['https://cdn.dummyjson.com/product-images/mobile-accessories/apple-watch-series-4-gold/1.webp', 'https://cdn.dummyjson.com/product-images/mobile-accessories/apple-watch-series-4-gold/2.webp', 'https://cdn.dummyjson.com/product-images/mobile-accessories/apple-watch-series-4-gold/3.webp']",https://cdn.dummyjson.com/product-images/mobile-accessories/apple-watch-series-4-gold/thumbnail.webp
107,Beats Flex Wireless Earphones,"The Beats Flex Wireless Earphones offer a comfortable and versatile audio experience. With magnetic earbuds and up to 12 hours of battery life, they are ideal for everyday use.",mobile-accessories,49.99,5.73,4.24,50,"['electronics', 'wireless earphones']",Beats,MOB-BEA-BEA-107,8,"{'width': 17.86, 'height': 25.74, 'depth': 23.09}",1 year warranty,Ships in 1-2 business days,In Stock,"[{'rating': 2, 'comment': 'Disappointing product!', 'date': '2025-04-30T09:41:02.053Z', 'reviewerName': 'William Gonzalez', 'reviewerEmail': 'william.gonzalez@x.dummyjson.com'}, {'rating': 5, 'comment': 'Very pleased!', 'date': '2025-04-30T09:41:02.053Z', 'reviewerName': 'Gabriel Mitchell', 'reviewerEmail': 'gabriel.mitchell@x.dummyjson.com'}, {'rating': 2, 'comment': 'Not worth the price!', 'date': '2025-04-30T09:41:02.053Z', 'reviewerName': 'Gabriel Adams', 'reviewerEmail': 'gabriel.adams@x.dummyjson.com'}]",7 days return policy,17,"{'createdAt': '2025-01-04T20:02:18.953Z', 'updatedAt': '2026-07-29T09:05:40.201Z', 'barcode': '1741271692174', 'qrCode': 'https://cdn.dummyjson.com/public/qr-code.png'}",['https://cdn.dummyjson.com/product-images/mobile-accessories/beats-flex-wireless-earphones/1.webp'],https://cdn.dummyjson.com/product-images/mobile-accessories/beats-flex-wireless-earphones/thumbnail.webp
108,iPhone 12 Silicone Case with MagSafe Plum,The iPhone 12 Silicone Case with MagSafe in Plum is a stylish and protective case designed for the iPhone 12. It features MagSafe technology for easy attachment of accessories.,mobile-accessories,29.99,13.85,3.62,69,"['electronics', 'phone accessories']",Apple,MOB-APP-IPH-108,7,"{'width': 12.49, 'height': 11.29, 'depth': 23.52}",3 months warranty,Ships in 3-5 business days,In Stock,"[{'rating': 2, 'comment': 'Would not buy again!', 'date': '2025-04-30T09:41:02.053Z', 'reviewerName': 'Penelope King', 'reviewerEmail': 'penelope.king@x.dummyjson.com'}, {'rating': 5, 'comment': 'Great value for money!', 'date': '2025-04-30T09:41:02.053Z', 'reviewerName': 'Isabella Anderson', 'reviewerEmail': 'isabella.anderson@x.dummyjson.com'}, {'rating': 5, 'comment': 'Highly recommended!', 'date': '2025-04-30T09:41:02.053Z', 'reviewerName': 'Claire Foster', 'reviewerEmail': 'claire.foster@x.dummyjson.com'}]",90 days return policy,4,"{'createdAt': '2025-03-10T13:10:55.972Z', 'updatedAt': '2026-02-09T19:15:42.906Z', 'barcode': '8156838251449', 'qrCode': 'https://cdn.dummyjson.com/public/qr-code.png'}","['https://cdn.dummyjson.com/product-images/mobile-accessories/iphone-12-silicone-case-with-magsafe-plum/1.webp', 'https://cdn.dummyjson.com/product-images/mobile-accessories/iphone-12-silicone-case-with-magsafe-plum/2.webp', 'https://cdn.dummyjson.com/product-images/mobile-accessories/iphone-12-silicone-case-with-magsafe-plum/3.webp', 'https://cdn.dummyjson.com/product-images/mobile-accessories/iphone-12-silicone-case-with-magsafe-plum/4.webp']",https://cdn.dummyjson.com/product-images/mobile-accessories/iphone-12-silicone-case-with-magsafe-plum/thumbnail.webp
109,Monopod,"The Monopod is a versatile camera accessory for stable and adjustable shooting. Perfect for capturing selfies, group photos, and videos with ease.",mobile-accessories,19.99,8.58,4.43,48,"['electronics', 'camera accessories']",TechGear,MOB-TEC-MON-109,10,"{'width': 8.8, 'height': 12.93, 'depth': 21.1}",1 year warranty,Ships in 1-2 business days,In Stock,"[{'rating': 1, 'comment': 'Not worth the price!', 'date': '2025-04-30T09:41:02.053Z', 'reviewerName': 'Max Parker', 'reviewerEmail': 'max.parker@x.dummyjson.com'}, {'rating': 4, 'comment': 'Highly recommended!', 'date': '2025-04-30T09:41:02.053Z', 'reviewerName': 'Maya Reed', 'reviewerEmail': 'maya.reed@x.dummyjson.com'}, {'rating': 5, 'comment': 'Fast shipping!', 'date': '2025-04-30T09:41:02.053Z', 'reviewerName': 'Mila Hernandez', 'reviewerEmail': 'mila.hernandez@x.dummyjson.com'}]",60 days return policy,30,"{'createdAt': '2026-08-29T19:10:05.237Z', 'updatedAt': '2026-08-30T10:37:29.457Z', 'barcode': '2915346477518', 'qrCode': 'https://cdn.dummyjson.com/public/qr-code.png'}","['https://cdn.dummyjson.com/product-images/mobile-accessories/monopod/1.webp', 'https://cdn.dummyjson.com/product-images/mobile-accessories/monopod/2.webp']",https://cdn.dummyjson.com/product-images/mobile-accessories/monopod/thumbnail.webp
110,Selfie Lamp with iPhone,The Selfie Lamp with iPhone is a portable and adjustable LED light designed to enhance your selfies and video calls. Attach it to your iPhone for well-lit photos.,mobile-accessories,14.99,19.4,3.55,58,"['electronics', 'selfie accessories']",GadgetMaster,MOB-GAD-SEL-110,10,"{'width': 5.26, 'height': 13.84, 'depth': 22.83}",Lifetime warranty,Ships in 2 weeks,In Stock,"[{'rating': 4, 'comment': 'Highly recommended!', 'date': '2025-04-30T09:41:02.053Z', 'reviewerName': 'Luke Cooper', 'reviewerEmail': 'luke.cooper@x.dummyjson.com'}, {'rating': 3, 'comment': 'Poor quality!', 'date': '2025-04-30T09:41:02.053Z', 'reviewerName': 'Caleb Perkins', 'reviewerEmail': 'caleb.perkins@x.dummyjson.com'}, {'rating': 4, 'comment': 'Highly recommended!', 'date': '2025-04-30T09:41:02.053Z', 'reviewerName': 'Benjamin Wilson', 'reviewerEmail': 'benjamin.wilson@x.dummyjson.com'}]",60 days return policy,22,"{'createdAt': '2026-06-15T22:22:09.910Z', 'updatedAt': '2026-06-26T06:36:37.699Z', 'barcode': '4372781189895', 'qrCode': 'https://cdn.dummyjson.com/public/qr-code.png'}",['https://cdn.dummyjson.com/product-images/mobile-accessories/selfie-lamp-with-iphone/1.webp'],https://cdn.dummyjson.com/product-images/mobile-accessories/selfie-lamp-with-iphone/thumbnail.webp
111,Selfie Stick Monopod,The Selfie Stick Monopod is a extendable and foldable device for capturing the perfect selfie or group photo. Compatible with smartphones and cameras.,mobile-accessories,12.99,19.12,3.88,11,"['electronics', 'selfie accessories']",SnapTech,MOB-SNA-SEL-111,2,"{'width': 24.76, 'height': 26.38, 'depth': 21.39}",3 year warranty,Ships in 1-2 business days,In Stock,"[{'rating': 4, 'comment': 'Great product!', 'date': '2025-04-30T09:41:02.053Z', 'reviewerName': 'Ryan Graham', 'reviewerEmail': 'ryan.graham@x.dummyjson.com'}, {'rating': 4, 'comment': 'Great product!', 'date': '2025-04-30T09:41:02.053Z', 'reviewerName': 'Nora Russell', 'reviewerEmail': 'nora.russell@x.dummyjson.com'}, {'rating': 1, 'comment': 'Very dissatisfied!', 'date': '2025-04-30T09:41:02.053Z', 'reviewerName': 'Luna Perez', 'reviewerEmail': 'luna.perez@x.dummyjson.com'}]",30 days return policy,8,"{'createdAt': '2026-05-10T20:48:35.479Z', 'updatedAt': '2026-08-03T07:55:17.267Z', 'barcode': '7063982050226', 'qrCode': 'https://cdn.dummyjson.com/public/qr-code.png'}",['https://cdn.dummyjson.com/product-images/mobile-accessories/selfie-stick-monopod/1.webp'],https://cdn.dummyjson.com/product-images/mobile-accessories/selfie-stick-monopod/thumbnail.webp
112,TV Studio Camera Pedestal,The TV Studio Camera Pedestal is a professional-grade camera support system for smooth and precise camera movements in a studio setting. Ideal for broadcast and production.,mobile-accessories,499.99,8.31,2.78,15,"['electronics', 'camera accessories']",ProVision,MOB-PRO-STU-112,4,"{'width': 29.84, 'height': 11.01, 'depth': 6.81}",3 months warranty,Ships in 1-2 business days,In Stock,"[{'rating': 3, 'comment': 'Would not recommend!', 'date': '2025-04-30T09:41:02.053Z', 'reviewerName': 'Aubrey Gutierrez', 'reviewerEmail': 'aubrey.gutierrez@x.dummyjson.com'}, {'rating': 5, 'comment': 'Would buy again!', 'date': '2025-04-30T09:41:02.053Z', 'reviewerName': 'Carter Rivera', 'reviewerEmail': 'carter.rivera@x.dummyjson.com'}, {'rating': 5, 'comment': 'Fast shipping!', 'date': '2025-04-30T09:41:02.053Z', 'reviewerName': 'Max Russell', 'reviewerEmail': 'max.russell@x.dummyjson.com'}]",7 days return policy,1,"{'createdAt': '2024-11-01T03:41:41.622Z', 'updatedAt': '2026-06-23T04:01:53.657Z', 'barcode': '1488782082307', 'qrCode': 'https://cdn.dummyjson.com/public/qr-code.png'}",['https://cdn.dummyjson.com/product-images/mobile-accessories/tv-studio-camera-pedestal/1.webp'],https://cdn.dummyjson.com/product-images/mobile-accessories/tv-studio-camera-pedestal/thumbnail.webp
113,Generic Motorcycle,"The Generic Motorcycle is a versatile and reliable bike suitable for various riding preferences. With a balanced design, it provides a comfortable and efficient riding experience.",motorcycle,3999.99,12.1,4.91,34,['motorcycles'],Generic Motors,MOT-GEN-GEN-113,8,"{'width': 26.23, 'height': 14.04, 'depth': 17.87}",1 year warranty,Ships in 2 weeks,In Stock,"[{'rating': 5, 'comment': 'Highly impressed!', 'date': '2025-04-30T09:41:02.053Z', 'reviewerName': 'Hunter Gordon', 'reviewerEmail': 'hunter.gordon@x.dummyjson.com'}, {'rating': 5, 'comment': 'Very satisfied!', 'date': '2025-04-30T09:41:02.053Z', 'reviewerName': 'Nicholas Bailey', 'reviewerEmail': 'nicholas.bailey@x.dummyjson.com'}, {'rating': 1, 'comment': 'Disappointing product!', 'date': '2025-04-30T09:41:02.053Z', 'reviewerName': 'Elena Long', 'reviewerEmail': 'elena.long@x.dummyjson.com'}]",7 days return policy,1,"{'createdAt': '2024-10-17T21:13:24.069Z', 'updatedAt': '2026-02-25T03:23:23.685Z', 'barcode': '2304118422941', 'qrCode': 'https://cdn.dummyjson.com/public/qr-code.png'}","['https://cdn.dummyjson.com/product-images/motorcycle/generic-motorcycle/1.webp', 'https://cdn.dummyjson.com/product-images/motorcycle/generic-motorcycle/2.webp', 'https://cdn.dummyjson.com/product-images/motorcycle/generic-motorcycle/3.webp', 'https://cdn.dummyjson.com/product-images/motorcycle/generic-motorcycle/4.webp']",https://cdn.dummyjson.com/product-images/motorcycle/generic-motorcycle/thumbnail.webp
114,Kawasaki Z800,"The Kawasaki Z800 is a powerful and agile sportbike known for its striking design and performance. It's equipped with advanced features, making it a favorite among motorcycle enthusiasts.",motorcycle,8999.99,9.77,3.98,52,"['motorcycles', 'sportbikes']",Kawasaki,MOT-KAW-KAW-114,9,"{'width': 18.3, 'height': 18.27, 'depth': 16.06}",Lifetime warranty,Ships in 3-5 business days,In Stock,"[{'rating': 4, 'comment': 'Highly impressed!', 'date': '2025-04-30T09:41:02.053Z', 'reviewerName': 'Scarlett Bowman', 'reviewerEmail': 'scarlett.bowman@x.dummyjson.com'}, {'rating': 5, 'comment': 'Awesome product!', 'date': '2025-04-30T09:41:02.053Z', 'reviewerName': 'Gabriel Bailey', 'reviewerEmail': 'gabriel.bailey@x.dummyjson.com'}, {'rating': 4, 'comment': 'Fast shipping!', 'date': '2025-04-30T09:41:02.053Z', 'reviewerName': 'Henry Hill', 'reviewerEmail': 'henry.hill@x.dummyjson.com'}]",90 days return policy,1,"{'createdAt': '2025-02-28T17:37:31.688Z', 'updatedAt': '2026-06-13T19:54:35.132Z', 'barcode': '7320871299196', 'qrCode': 'https://cdn.dummyjson.com/public/qr-code.png'}","['https://cdn.dummyjson.com/product-images/motorcycle/kawasaki-z800/1.webp', 'https://cdn.dummyjson.com/product-images/motorcycle/kawasaki-z800/2.webp', 'https://cdn.dummyjson.com/product-images/motorcycle/kawasaki-z800/3.webp', 'https://cdn.dummyjson.com/product-images/motorcycle/kawasaki-z800/4.webp']",https://cdn.dummyjson.com/product-images/motorcycle/kawasaki-z800/thumbnail.webp
115,MotoGP CI.H1,The MotoGP CI.H1 is a high-performance motorcycle inspired by MotoGP racing technology. It offers cutting-edge features and precision engineering for an exhilarating riding experience.,motorcycle,14999.99,6.92,2.97,10,"['motorcycles', 'sportbikes']",MotoGP,MOT-MOT-MOT-115,1,"{'width': 19.33, 'height': 17.31, 'depth': 12.05}",1 month warranty,Ships in 3-5 business days,In Stock,"[{'rating': 4, 'comment': 'Awesome product!', 'date': '2025-04-30T09:41:02.053Z', 'reviewerName': 'Brandon Collins', 'reviewerEmail': 'brandon.collins@x.dummyjson.com'}, {'rating': 5, 'comment': 'Fast shipping!', 'date': '2025-04-30T09:41:02.053Z', 'reviewerName': 'Miles Stevenson', 'reviewerEmail': 'miles.stevenson@x.dummyjson.com'}, {'rating': 4, 'comment': 'Highly recommended!', 'date': '2025-04-30T09:41:02.053Z', 'reviewerName': 'Grayson Coleman', 'reviewerEmail': 'grayson.coleman@x.dummyjson.com'}]",30 days return policy,1,"{'createdAt': '2024-09-10T14:49:26.726Z', 'updatedAt': '2025-07-02T16:12:10.615Z', 'barcode': '1635178066049', 'qrCode': 'https://cdn.dummyjson.com/public/qr-code.png'}","['https://cdn.dummyjson.com/product-images/motorcycle/motogp-ci.h1/1.webp', 'https://cdn.dummyjson.com/product-images/motorcycle/motogp-ci.h1/2.webp', 'https://cdn.dummyjson.com/product-images/motorcycle/motogp-ci.h1/3.webp', 'https://cdn.dummyjson.com/product-images/motorcycle/motogp-ci.h1/4.webp']",https://cdn.dummyjson.com/product-images/motorcycle/motogp-ci.h1/thumbnail.webp
116,Scooter Motorcycle,The Scooter Motorcycle is a practical and fuel-efficient bike ideal for urban commuting. It features a step-through design and user-friendly controls for easy maneuverability.,motorcycle,2999.99,6.27,2.53,84,"['motorcycles', 'scooters']",ScootMaster,MOT-SCO-SCO-116,7,"{'width': 27.31, 'height': 19.34, 'depth': 26.72}",5 year warranty,Ships overnight,In Stock,"[{'rating': 4, 'comment': 'Highly recommended!', 'date': '2025-04-30T09:41:02.054Z', 'reviewerName': 'Luna Perez', 'reviewerEmail': 'luna.perez@x.dummyjson.com'}, {'rating': 2, 'comment': 'Not as described!', 'date': '2025-04-30T09:41:02.054Z', 'reviewerName': 'Samantha Howard', 'reviewerEmail': 'samantha.howard@x.dummyjson.com'}, {'rating': 3, 'comment': 'Very dissatisfied!', 'date': '2025-04-30T09:41:02.054Z', 'reviewerName': 'Noah Hernandez', 'reviewerEmail': 'noah.hernandez@x.dummyjson.com'}]",7 days return policy,1,"{'createdAt': '2025-11-01T08:24:01.422Z', 'updatedAt': '2026-07-30T19:16:30.213Z', 'barcode': '6595209798181', 'qrCode': 'https://cdn.dummyjson.com/public/qr-code.png'}","['https://cdn.dummyjson.com/product-images/motorcycle/scooter-motorcycle/1.webp', 'https://cdn.dummyjson.com/product-images/motorcycle/scooter-motorcycle/2.webp', 'https://cdn.dummyjson.com/product-images/motorcycle/scooter-motorcycle/3.webp', 'https://cdn.dummyjson.com/product-images/motorcycle/scooter-motorcycle/4.webp']",https://cdn.dummyjson.com/product-images/motorcycle/scooter-motorcycle/thumbnail.webp
117,Sportbike Motorcycle,"The Sportbike Motorcycle is designed for speed and agility, with a sleek and aerodynamic profile. It's suitable for riders looking for a dynamic and thrilling riding experience.",motorcycle,7499.99,11.58,3.94,0,"['motorcycles', 'sportbikes']",SpeedMaster,MOT-SPE-SPO-117,10,"{'width': 22.5, 'height': 22.74, 'depth': 8.38}",5 year warranty,Ships in 2 weeks,Out of Stock,"[{'rating': 5, 'comment': 'Highly impressed!', 'date': '2025-04-30T09:41:02.054Z', 'reviewerName': 'Mason Parker', 'reviewerEmail': 'mason.parker@x.dummyjson.com'}, {'rating': 1, 'comment': 'Would not recommend!', 'date': '2025-04-30T09:41:02.054Z', 'reviewerName': 'Daniel Cook', 'reviewerEmail': 'daniel.cook@x.dummyjson.com'}, {'rating': 1, 'comment': 'Very disappointed!', 'date': '2025-04-30T09:41:02.054Z', 'reviewerName': 'Isabella Anderson', 'reviewerEmail': 'isabella.anderson@x.dummyjson.com'}]",30 days return policy,1,"{'createdAt': '2025-12-07T19:31:05.496Z', 'updatedAt': '2025-12-22T11:43:13.706Z', 'barcode': '8451323904420', 'qrCode': 'https://cdn.dummyjson.com/public/qr-code.png'}","['https://cdn.dummyjson.com/product-images/motorcycle/sportbike-motorcycle/1.webp', 'https://cdn.dummyjson.com/product-images/motorcycle/sportbike-motorcycle/2.webp', 'https://cdn.dummyjson.com/product-images/motorcycle/sportbike-motorcycle/3.webp', 'https://cdn.dummyjson.com/product-images/motorcycle/sportbike-motorcycle/4.webp']",https://cdn.dummyjson.com/product-images/motorcycle/sportbike-motorcycle/thumbnail.webp
118,Attitude Super Leaves Hand Soap,"Attitude Super Leaves Hand Soap is a natural and nourishing hand soap enriched with the goodness of super leaves. It cleanses and moisturizes your hands, leaving them feeling fresh and soft.",skin-care,8.99,18.49,3.19,94,"['personal care', 'hand soap']",Attitude,SKI-ATT-ATT-118,1,"{'width': 14.05, 'height': 8.3, 'depth': 16.62}",6 months warranty,Ships overnight,In Stock,"[{'rating': 5, 'comment': 'Very satisfied!', 'date': '2025-04-30T09:41:02.053Z', 'reviewerName': 'Liam Garcia', 'reviewerEmail': 'liam.garcia@x.dummyjson.com'}, {'rating': 4, 'comment': 'Great product!', 'date': '2025-04-30T09:41:02.053Z', 'reviewerName': 'Victoria McDonald', 'reviewerEmail': 'victoria.mcdonald@x.dummyjson.com'}, {'rating': 5, 'comment': 'Very happy with my purchase!', 'date': '2025-04-30T09:41:02.053Z', 'reviewerName': 'Hannah Robinson', 'reviewerEmail': 'hannah.robinson@x.dummyjson.com'}]",60 days return policy,41,"{'createdAt': '2024-11-08T06:56:56.188Z', 'updatedAt': '2025-08-16T09:06:36.860Z', 'barcode': '3566048905322', 'qrCode': 'https://cdn.dummyjson.com/public/qr-code.png'}","['https://cdn.dummyjson.com/product-images/skin-care/attitude-super-leaves-hand-soap/1.webp', 'https://cdn.dummyjson.com/product-images/skin-care/attitude-super-leaves-hand-soap/2.webp', 'https://cdn.dummyjson.com/product-images/skin-care/attitude-super-leaves-hand-soap/3.webp']",https://cdn.dummyjson.com/product-images/skin-care/attitude-super-leaves-hand-soap/thumbnail.webp
119,Olay Ultra Moisture Shea Butter Body Wash,Olay Ultra Moisture Shea Butter Body Wash is a luxurious body wash that hydrates and nourishes your skin with the moisturizing power of shea butter. Enjoy a rich lather and silky-smooth skin.,skin-care,12.99,16.39,4.51,34,"['personal care', 'body wash']",Olay,SKI-OLA-OLA-119,4,"{'width': 25.23, 'height': 28.33, 'depth': 11.89}",1 year warranty,Ships in 1-2 business days,In Stock,"[{'rating': 4, 'comment': 'Very satisfied!', 'date': '2025-04-30T09:41:02.053Z', 'reviewerName': 'Abigail Rivera', 'reviewerEmail': 'abigail.rivera@x.dummyjson.com'}, {'rating': 4, 'comment': 'Great value for money!', 'date': '2025-04-30T09:41:02.053Z', 'reviewerName': 'Hunter Gordon', 'reviewerEmail': 'hunter.gordon@x.dummyjson.com'}, {'rating': 4, 'comment': 'Very pleased!', 'date': '2025-04-30T09:41:02.053Z', 'reviewerName': 'Zoe Bennett', 'reviewerEmail': 'zoe.bennett@x.dummyjson.com'}]",30 days return policy,33,"{'createdAt': '2025-08-13T23:30:51.037Z', 'updatedAt': '2025-11-16T11:00:45.621Z', 'barcode': '6532659691643', 'qrCode': 'https://cdn.dummyjson.com/public/qr-code.png'}","['https://cdn.dummyjson.com/product-images/skin-care/olay-ultra-moisture-shea-butter-body-wash/1.webp', 'https://cdn.dummyjson.com/product-images/skin-care/olay-ultra-moisture-shea-butter-body-wash/2.webp', 'https://cdn.dummyjson.com/product-images/skin-care/olay-ultra-moisture-shea-butter-body-wash/3.webp']",https://cdn.dummyjson.com/product-images/skin-care/olay-ultra-moisture-shea-butter-body-wash/thumbnail.webp
120,Vaseline Men Body and Face Lotion,Vaseline Men Body and Face Lotion is a specially formulated lotion designed to provide long-lasting moisture to men's skin. It absorbs quickly and helps keep the skin hydrated and healthy.,skin-care,9.99,13.39,3.16,95,"['personal care', 'body lotion']",Vaseline,SKI-VAS-VAS-120,4,"{'width': 21.83, 'height': 17.38, 'depth': 24.76}",Lifetime warranty,Ships overnight,In Stock,"[{'rating': 4, 'comment': 'Excellent quality!', 'date': '2025-04-30T09:41:02.054Z', 'reviewerName': 'Aria Ferguson', 'reviewerEmail': 'aria.ferguson@x.dummyjson.com'}, {'rating': 5, 'comment': 'Very pleased!', 'date': '2025-04-30T09:41:02.054Z', 'reviewerName': 'Nova Cooper', 'reviewerEmail': 'nova.cooper@x.dummyjson.com'}, {'rating': 4, 'comment': 'Great product!', 'date': '2025-04-30T09:41:02.054Z', 'reviewerName': 'Madison Collins', 'reviewerEmail': 'madison.collins@x.dummyjson.com'}]",90 days return policy,9,"{'createdAt': '2024-10-10T17:59:30.330Z', 'updatedAt': '2024-11-08T03:53:16.607Z', 'barcode': '8483207319090', 'qrCode': 'https://cdn.dummyjson.com/public/qr-code.png'}","['https://cdn.dummyjson.com/product-images/skin-care/vaseline-men-body-and-face-lotion/1.webp', 'https://cdn.dummyjson.com/product-images/skin-care/vaseline-men-body-and-face-lotion/2.webp', 'https://cdn.dummyjson.com/product-images/skin-care/vaseline-men-body-and-face-lotion/3.webp']",https://cdn.dummyjson.com/product-images/skin-care/vaseline-men-body-and-face-lotion/thumbnail.webp
121,iPhone 5s,"The iPhone 5s is a classic smartphone known for its compact design and advanced features during its release. While it's an older model, it still provides a reliable user experience.",smartphones,199.99,12.91,2.83,25,"['smartphones', 'apple']",Apple,SMA-APP-IPH-121,2,"{'width': 5.29, 'height': 18.38, 'depth': 17.72}",Lifetime warranty,Ships in 1 month,In Stock,"[{'rating': 5, 'comment': 'Highly recommended!', 'date': '2025-04-30T09:41:02.054Z', 'reviewerName': 'Jace Smith', 'reviewerEmail': 'jace.smith@x.dummyjson.com'}, {'rating': 1, 'comment': 'Not as described!', 'date': '2025-04-30T09:41:02.054Z', 'reviewerName': 'Logan Torres', 'reviewerEmail': 'logan.torres@x.dummyjson.com'}, {'rating': 5, 'comment': 'Very satisfied!', 'date': '2025-04-30T09:41:02.054Z', 'reviewerName': 'Harper Kelly', 'reviewerEmail': 'harper.kelly@x.dummyjson.com'}]",60 days return policy,3,"{'createdAt': '2025-06-05T08:26:32.404Z', 'updatedAt': '2025-11-08T01:09:18.076Z', 'barcode': '8814683940853', 'qrCode': 'https://cdn.dummyjson.com/public/qr-code.png'}","['https://cdn.dummyjson.com/product-images/smartphones/iphone-5s/1.webp', 'https://cdn.dummyjson.com/product-images/smartphones/iphone-5s/2.webp', 'https://cdn.dummyjson.com/product-images/smartphones/iphone-5s/3.webp']",https://cdn.dummyjson.com/product-images/smartphones/iphone-5s/thumbnail.webp
122,iPhone 6,"The iPhone 6 is a stylish and capable smartphone with a larger display and improved performance. It introduced new features and design elements, making it a popular choice in its time.",smartphones,299.99,6.69,3.41,60,"['smartphones', 'apple']",Apple,SMA-APP-IPH-122,7,"{'width': 11, 'height': 9.1, 'depth': 9.67}",1 month warranty,Ships overnight,In Stock,"[{'rating': 3, 'comment': 'Disappointing product!', 'date': '2025-04-30T09:41:02.054Z', 'reviewerName': 'Stella Morris', 'reviewerEmail': 'stella.morris@x.dummyjson.com'}, {'rating': 4, 'comment': 'Excellent quality!', 'date': '2025-04-30T09:41:02.054Z', 'reviewerName': 'Nolan Gonzalez', 'reviewerEmail': 'nolan.gonzalez@x.dummyjson.com'}, {'rating': 5, 'comment': 'Great value for money!', 'date': '2025-04-30T09:41:02.054Z', 'reviewerName': 'Benjamin Foster', 'reviewerEmail': 'benjamin.foster@x.dummyjson.com'}]",7 days return policy,5,"{'createdAt': '2025-10-20T01:31:06.524Z', 'updatedAt': '2025-11-18T21:22:02.891Z', 'barcode': '9922357685013', 'qrCode': 'https://cdn.dummyjson.com/public/qr-code.png'}","['https://cdn.dummyjson.com/product-images/smartphones/iphone-6/1.webp', 'https://cdn.dummyjson.com/product-images/smartphones/iphone-6/2.webp', 'https://cdn.dummyjson.com/product-images/smartphones/iphone-6/3.webp']",https://cdn.dummyjson.com/product-images/smartphones/iphone-6/thumbnail.webp
123,iPhone 13 Pro,"The iPhone 13 Pro is a cutting-edge smartphone with a powerful camera system, high-performance chip, and stunning display. It offers advanced features for users who demand top-notch technology.",smartphones,1099.99,9.37,4.12,56,"['smartphones', 'apple']",Apple,SMA-APP-IPH-123,8,"{'width': 12.63, 'height': 5.28, 'depth': 14.29}",3 year warranty,Ships in 2 weeks,In Stock,"[{'rating': 5, 'comment': 'Would buy again!', 'date': '2025-04-30T09:41:02.054Z', 'reviewerName': 'Christian Perez', 'reviewerEmail': 'christian.perez@x.dummyjson.com'}, {'rating': 3, 'comment': 'Not worth the price!', 'date': '2025-04-30T09:41:02.054Z', 'reviewerName': 'Liam Gonzalez', 'reviewerEmail': 'liam.gonzalez@x.dummyjson.com'}, {'rating': 5, 'comment': 'Very satisfied!', 'date': '2025-04-30T09:41:02.054Z', 'reviewerName': 'Tristan Scott', 'reviewerEmail': 'tristan.scott@x.dummyjson.com'}]",7 days return policy,1,"{'createdAt': '2026-02-09T13:45:29.822Z', 'updatedAt': '2026-08-11T06:31:30.971Z', 'barcode': '4998438802308', 'qrCode': 'https://cdn.dummyjson.com/public/qr-code.png'}","['https://cdn.dummyjson.com/product-images/smartphones/iphone-13-pro/1.webp', 'https://cdn.dummyjson.com/product-images/smartphones/iphone-13-pro/2.webp', 'https://cdn.dummyjson.com/product-images/smartphones/iphone-13-pro/3.webp']",https://cdn.dummyjson.com/product-images/smartphones/iphone-13-pro/thumbnail.webp
124,iPhone X,"The iPhone X is a flagship smartphone featuring a bezel-less OLED display, facial recognition technology (Face ID), and impressive performance. It represents a milestone in iPhone design and innovation.",smartphones,899.99,19.59,2.51,37,"['smartphones', 'apple']",Apple,SMA-APP-IPH-124,1,"{'width': 21.88, 'height': 24.19, 'depth': 14.19}",3 months warranty,Ships in 3-5 business days,In Stock,"[{'rating': 4, 'comment': 'Highly recommended!', 'date': '2025-04-30T09:41:02.054Z', 'reviewerName': 'Tyler Davis', 'reviewerEmail': 'tyler.davis@x.dummyjson.com'}, {'rating': 5, 'comment': 'Great product!', 'date': '2025-04-30T09:41:02.054Z', 'reviewerName': 'Aria Parker', 'reviewerEmail': 'aria.parker@x.dummyjson.com'}, {'rating': 2, 'comment': 'Not as described!', 'date': '2025-04-30T09:41:02.054Z', 'reviewerName': 'Lily Torres', 'reviewerEmail': 'lily.torres@x.dummyjson.com'}]",7 days return policy,2,"{'createdAt': '2026-06-06T07:19:14.887Z', 'updatedAt': '2026-06-29T19:08:46.646Z', 'barcode': '3034949322264', 'qrCode': 'https://cdn.dummyjson.com/public/qr-code.png'}","['https://cdn.dummyjson.com/product-images/smartphones/iphone-x/1.webp', 'https://cdn.dummyjson.com/product-images/smartphones/iphone-x/2.webp', 'https://cdn.dummyjson.com/product-images/smartphones/iphone-x/3.webp']",https://cdn.dummyjson.com/product-images/smartphones/iphone-x/thumbnail.webp
125,Oppo A57,"The Oppo A57 is a mid-range smartphone known for its sleek design and capable features. It offers a balance of performance and affordability, making it a popular choice.",smartphones,249.99,2.43,3.94,19,"['smartphones', 'oppo']",Oppo,SMA-OPP-OPP-125,5,"{'width': 7.2, 'height': 10.74, 'depth': 23.68}",Lifetime warranty,Ships in 3-5 business days,In Stock,"[{'rating': 4, 'comment': 'Excellent quality!', 'date': '2025-04-30T09:41:02.054Z', 'reviewerName': 'Scarlett Wright', 'reviewerEmail': 'scarlett.wright@x.dummyjson.com'}, {'rating': 5, 'comment': 'Excellent quality!', 'date': '2025-04-30T09:41:02.054Z', 'reviewerName': 'Jacob Cooper', 'reviewerEmail': 'jacob.cooper@x.dummyjson.com'}, {'rating': 2, 'comment': 'Poor quality!', 'date': '2025-04-30T09:41:02.054Z', 'reviewerName': 'Zoe Nicholson', 'reviewerEmail': 'zoe.nicholson@x.dummyjson.com'}]",90 days return policy,3,"{'createdAt': '2026-06-08T09:38:24.572Z', 'updatedAt': '2026-08-10T16:53:20.168Z', 'barcode': '0651223722522', 'qrCode': 'https://cdn.dummyjson.com/public/qr-code.png'}","['https://cdn.dummyjson.com/product-images/smartphones/oppo-a57/1.webp', 'https://cdn.dummyjson.com/product-images/smartphones/oppo-a57/2.webp', 'https://cdn.dummyjson.com/product-images/smartphones/oppo-a57/3.webp']",https://cdn.dummyjson.com/product-images/smartphones/oppo-a57/thumbnail.webp
126,Oppo F19 Pro Plus,The Oppo F19 Pro Plus is a feature-rich smartphone with a focus on camera capabilities. It boasts advanced photography features and a powerful performance for a premium user experience.,smartphones,399.99,18.64,3.51,78,"['smartphones', 'oppo']",Oppo,SMA-OPP-OPP-126,6,"{'width': 6.78, 'height': 25.17, 'depth': 8.4}",3 year warranty,Ships in 1 week,In Stock,"[{'rating': 5, 'comment': 'Very happy with my purchase!', 'date': '2025-04-30T09:41:02.054Z', 'reviewerName': 'Emily Johnson', 'reviewerEmail': 'emily.johnson@x.dummyjson.com'}, {'rating': 5, 'comment': 'Highly recommended!', 'date': '2025-04-30T09:41:02.054Z', 'reviewerName': 'Jaxon Barnes', 'reviewerEmail': 'jaxon.barnes@x.dummyjson.com'}, {'rating': 4, 'comment': 'Would buy again!', 'date': '2025-04-30T09:41:02.054Z', 'reviewerName': 'Nova Cooper', 'reviewerEmail': 'nova.cooper@x.dummyjson.com'}]",90 days return policy,1,"{'createdAt': '2024-11-26T18:14:59.199Z', 'updatedAt': '2026-02-06T15:52:20.524Z', 'barcode': '8576893968169', 'qrCode': 'https://cdn.dummyjson.com/public/qr-code.png'}","['https://cdn.dummyjson.com/product-images/smartphones/oppo-f19-pro-plus/1.webp', 'https://cdn.dummyjson.com/product-images/smartphones/oppo-f19-pro-plus/2.webp', 'https://cdn.dummyjson.com/product-images/smartphones/oppo-f19-pro-plus/3.webp']",https://cdn.dummyjson.com/product-images/smartphones/oppo-f19-pro-plus/thumbnail.webp
127,Oppo K1,"The Oppo K1 series offers a range of smartphones with various features and specifications. Known for their stylish design and reliable performance, the Oppo K1 series caters to diverse user preferences.",smartphones,299.99,18.29,4.25,55,"['smartphones', 'oppo']",Oppo,SMA-OPP-OPP-127,5,"{'width': 13.89, 'height': 10.63, 'depth': 16.6}",1 month warranty,Ships in 1-2 business days,In Stock,"[{'rating': 4, 'comment': 'Very pleased!', 'date': '2025-04-30T09:41:02.054Z', 'reviewerName': 'Christopher West', 'reviewerEmail': 'christopher.west@x.dummyjson.com'}, {'rating': 4, 'comment': 'Highly recommended!', 'date': '2025-04-30T09:41:02.054Z', 'reviewerName': 'Mia Miller', 'reviewerEmail': 'mia.miller@x.dummyjson.com'}, {'rating': 2, 'comment': 'Very dissatisfied!', 'date': '2025-04-30T09:41:02.054Z', 'reviewerName': 'Ella Adams', 'reviewerEmail': 'ella.adams@x.dummyjson.com'}]",30 days return policy,5,"{'createdAt': '2026-04-02T10:39:21.224Z', 'updatedAt': '2026-07-11T05:44:23.416Z', 'barcode': '3106827888743', 'qrCode': 'https://cdn.dummyjson.com/public/qr-code.png'}","['https://cdn.dummyjson.com/product-images/smartphones/oppo-k1/1.webp', 'https://cdn.dummyjson.com/product-images/smartphones/oppo-k1/2.webp', 'https://cdn.dummyjson.com/product-images/smartphones/oppo-k1/3.webp', 'https://cdn.dummyjson.com/product-images/smartphones/oppo-k1/4.webp']",https://cdn.dummyjson.com/product-images/smartphones/oppo-k1/thumbnail.webp
128,Realme C35,The Realme C35 is a budget-friendly smartphone with a focus on providing essential features for everyday use. It offers a reliable performance and user-friendly experience.,smartphones,149.99,15.3,4.2,48,"['smartphones', 'realme']",Realme,SMA-REA-REA-128,2,"{'width': 25.28, 'height': 8.14, 'depth': 29.53}",3 year warranty,Ships overnight,In Stock,"[{'rating': 4, 'comment': 'Great product!', 'date': '2025-04-30T09:41:02.054Z', 'reviewerName': 'Penelope King', 'reviewerEmail': 'penelope.king@x.dummyjson.com'}, {'rating': 2, 'comment': 'Very unhappy with my purchase!', 'date': '2025-04-30T09:41:02.054Z', 'reviewerName': 'Asher Scott', 'reviewerEmail': 'asher.scott@x.dummyjson.com'}, {'rating': 4, 'comment': 'Highly impressed!', 'date': '2025-04-30T09:41:02.054Z', 'reviewerName': 'Henry Adams', 'reviewerEmail': 'henry.adams@x.dummyjson.com'}]",90 days return policy,3,"{'createdAt': '2025-05-21T12:05:19.478Z', 'updatedAt': '2025-09-26T01:44:00.676Z', 'barcode': '7825844344364', 'qrCode': 'https://cdn.dummyjson.com/public/qr-code.png'}","['https://cdn.dummyjson.com/product-images/smartphones/realme-c35/1.webp', 'https://cdn.dummyjson.com/product-images/smartphones/realme-c35/2.webp', 'https://cdn.dummyjson.com/product-images/smartphones/realme-c35/3.webp']",https://cdn.dummyjson.com/product-images/smartphones/realme-c35/thumbnail.webp
129,Realme X,The Realme X is a mid-range smartphone known for its sleek design and impressive display. It offers a good balance of performance and camera capabilities for users seeking a quality device.,smartphones,299.99,6.95,3.7,12,"['smartphones', 'realme']",Realme,SMA-REA-REA-129,4,"{'width': 25.59, 'height': 21.42, 'depth': 12.75}",1 month warranty,Ships in 3-5 business days,In Stock,"[{'rating': 5, 'comment': 'Would buy again!', 'date': '2025-04-30T09:41:02.054Z', 'reviewerName': 'Hazel Evans', 'reviewerEmail': 'hazel.evans@x.dummyjson.com'}, {'rating': 5, 'comment': 'Fast shipping!', 'date': '2025-04-30T09:41:02.054Z', 'reviewerName': 'Brayden Fleming', 'reviewerEmail': 'brayden.fleming@x.dummyjson.com'}, {'rating': 5, 'comment': 'Very satisfied!', 'date': '2025-04-30T09:41:02.054Z', 'reviewerName': 'Madison Stewart', 'reviewerEmail': 'madison.stewart@x.dummyjson.com'}]",No return policy,3,"{'createdAt': '2025-03-01T23:49:55.634Z', 'updatedAt': '2026-05-07T13:09:35.785Z', 'barcode': '4948452391831', 'qrCode': 'https://cdn.dummyjson.com/public/qr-code.png'}","['https://cdn.dummyjson.com/product-images/smartphones/realme-x/1.webp', 'https://cdn.dummyjson.com/product-images/smartphones/realme-x/2.webp', 'https://cdn.dummyjson.com/product-images/smartphones/realme-x/3.webp']",https://cdn.dummyjson.com/product-images/smartphones/realme-x/thumbnail.webp
130,Realme XT,"The Realme XT is a feature-rich smartphone with a focus on camera technology. It comes equipped with advanced camera sensors, delivering high-quality photos and videos for photography enthusiasts.",smartphones,349.99,11.51,4.58,80,"['smartphones', 'realme']",Realme,SMA-REA-REA-130,3,"{'width': 24.98, 'height': 26.73, 'depth': 6.5}",3 year warranty,Ships in 1 month,In Stock,"[{'rating': 4, 'comment': 'Very satisfied!', 'date': '2025-04-30T09:41:02.054Z', 'reviewerName': 'Emily Brown', 'reviewerEmail': 'emily.brown@x.dummyjson.com'}, {'rating': 3, 'comment': 'Not as described!', 'date': '2025-04-30T09:41:02.054Z', 'reviewerName': 'Ella Cook', 'reviewerEmail': 'ella.cook@x.dummyjson.com'}, {'rating': 5, 'comment': 'Would buy again!', 'date': '2025-04-30T09:41:02.054Z', 'reviewerName': 'Layla Sullivan', 'reviewerEmail': 'layla.sullivan@x.dummyjson.com'}]",60 days return policy,3,"{'createdAt': '2026-06-20T07:48:31.169Z', 'updatedAt': '2026-06-27T06:16:46.496Z', 'barcode': '6151817227632', 'qrCode': 'https://cdn.dummyjson.com/public/qr-code.png'}","['https://cdn.dummyjson.com/product-images/smartphones/realme-xt/1.webp', 'https://cdn.dummyjson.com/product-images/smartphones/realme-xt/2.webp', 'https://cdn.dummyjson.com/product-images/smartphones/realme-xt/3.webp']",https://cdn.dummyjson.com/product-images/smartphones/realme-xt/thumbnail.webp
131,Samsung Galaxy S7,"The Samsung Galaxy S7 is a flagship smartphone known for its sleek design and advanced features. It features a high-resolution display, powerful camera, and robust performance.",smartphones,299.99,19.55,3.3,67,"['smartphones', 'samsung galaxy']",Samsung,SMA-SAM-SAM-131,10,"{'width': 13.55, 'height': 24.24, 'depth': 5.63}",3 months warranty,Ships in 3-5 business days,In Stock,"[{'rating': 1, 'comment': 'Not as described!', 'date': '2025-04-30T09:41:02.054Z', 'reviewerName': 'Julian James', 'reviewerEmail': 'julian.james@x.dummyjson.com'}, {'rating': 4, 'comment': 'Fast shipping!', 'date': '2025-04-30T09:41:02.054Z', 'reviewerName': 'Lucas Gordon', 'reviewerEmail': 'lucas.gordon@x.dummyjson.com'}, {'rating': 4, 'comment': 'Excellent quality!', 'date': '2025-04-30T09:41:02.054Z', 'reviewerName': 'Ava Taylor', 'reviewerEmail': 'ava.taylor@x.dummyjson.com'}]",No return policy,1,"{'createdAt': '2025-01-13T18:20:43.529Z', 'updatedAt': '2026-03-31T21:38:40.059Z', 'barcode': '7557912146622', 'qrCode': 'https://cdn.dummyjson.com/public/qr-code.png'}","['https://cdn.dummyjson.com/product-images/smartphones/samsung-galaxy-s7/1.webp', 'https://cdn.dummyjson.com/product-images/smartphones/samsung-galaxy-s7/2.webp', 'https://cdn.dummyjson.com/product-images/smartphones/samsung-galaxy-s7/3.webp']",https://cdn.dummyjson.com/product-images/smartphones/samsung-galaxy-s7/thumbnail.webp
132,Samsung Galaxy S8,"The Samsung Galaxy S8 is a premium smartphone with an Infinity Display, offering a stunning visual experience. It boasts advanced camera capabilities and cutting-edge technology.",smartphones,499.99,19.45,4.4,0,"['smartphones', 'samsung galaxy']",Samsung,SMA-SAM-SAM-132,6,"{'width': 23.05, 'height': 26.88, 'depth': 15.73}",2 year warranty,Ships in 1 week,Out of Stock,"[{'rating': 4, 'comment': 'Highly impressed!', 'date': '2025-04-30T09:41:02.054Z', 'reviewerName': 'Owen Fisher', 'reviewerEmail': 'owen.fisher@x.dummyjson.com'}, {'rating': 4, 'comment': 'Highly impressed!', 'date': '2025-04-30T09:41:02.054Z', 'reviewerName': 'Clara Berry', 'reviewerEmail': 'clara.berry@x.dummyjson.com'}, {'rating': 4, 'comment': 'Highly recommended!', 'date': '2025-04-30T09:41:02.054Z', 'reviewerName': 'Tyler Davis', 'reviewerEmail': 'tyler.davis@x.dummyjson.com'}]",No return policy,4,"{'createdAt': '2025-07-07T14:30:52.828Z', 'updatedAt': '2026-05-27T11:09:22.915Z', 'barcode': '5995499013336', 'qrCode': 'https://cdn.dummyjson.com/public/qr-code.png'}","['https://cdn.dummyjson.com/product-images/smartphones/samsung-galaxy-s8/1.webp', 'https://cdn.dummyjson.com/product-images/smartphones/samsung-galaxy-s8/2.webp', 'https://cdn.dummyjson.com/product-images/smartphones/samsung-galaxy-s8/3.webp']",https://cdn.dummyjson.com/product-images/smartphones/samsung-galaxy-s8/thumbnail.webp
133,Samsung Galaxy S10,"The Samsung Galaxy S10 is a flagship device featuring a dynamic AMOLED display, versatile camera system, and powerful performance. It represents innovation and excellence in smartphone technology.",smartphones,699.99,5.59,3.06,19,"['smartphones', 'samsung galaxy']",Samsung,SMA-SAM-SAM-133,9,"{'width': 27.41, 'height': 15.26, 'depth': 27.02}",No warranty,Ships in 2 weeks,In Stock,"[{'rating': 4, 'comment': 'Excellent quality!', 'date': '2025-04-30T09:41:02.054Z', 'reviewerName': 'Tristan Scott', 'reviewerEmail': 'tristan.scott@x.dummyjson.com'}, {'rating': 5, 'comment': 'Would buy again!', 'date': '2025-04-30T09:41:02.054Z', 'reviewerName': 'Christopher West', 'reviewerEmail': 'christopher.west@x.dummyjson.com'}, {'rating': 2, 'comment': 'Would not recommend!', 'date': '2025-04-30T09:41:02.054Z', 'reviewerName': 'Amelia Perez', 'reviewerEmail': 'amelia.perez@x.dummyjson.com'}]",30 days return policy,2,"{'createdAt': '2025-03-18T09:55:12.027Z', 'updatedAt': '2025-09-15T00:09:54.152Z', 'barcode': '4676898229465', 'qrCode': 'https://cdn.dummyjson.com/public/qr-code.png'}","['https://cdn.dummyjson.com/product-images/smartphones/samsung-galaxy-s10/1.webp', 'https://cdn.dummyjson.com/product-images/smartphones/samsung-galaxy-s10/2.webp', 'https://cdn.dummyjson.com/product-images/smartphones/samsung-galaxy-s10/3.webp']",https://cdn.dummyjson.com/product-images/smartphones/samsung-galaxy-s10/thumbnail.webp
134,Vivo S1,"The Vivo S1 is a stylish and mid-range smartphone offering a blend of design and performance. It features a vibrant display, capable camera system, and reliable functionality.",smartphones,249.99,10.17,3.5,50,"['smartphones', 'vivo']",Vivo,SMA-VIV-VIV-134,4,"{'width': 14.06, 'height': 11.79, 'depth': 6.78}",6 months warranty,Ships in 3-5 business days,In Stock,"[{'rating': 4, 'comment': 'Very satisfied!', 'date': '2025-04-30T09:41:02.054Z', 'reviewerName': 'Samantha Martinez', 'reviewerEmail': 'samantha.martinez@x.dummyjson.com'}, {'rating': 3, 'comment': 'Very disappointed!', 'date': '2025-04-30T09:41:02.054Z', 'reviewerName': 'Logan Lee', 'reviewerEmail': 'logan.lee@x.dummyjson.com'}, {'rating': 4, 'comment': 'Would buy again!', 'date': '2025-04-30T09:41:02.054Z', 'reviewerName': 'Sophia Jones', 'reviewerEmail': 'sophia.jones@x.dummyjson.com'}]",7 days return policy,1,"{'createdAt': '2026-04-30T19:23:10.975Z', 'updatedAt': '2026-08-16T11:19:58.996Z', 'barcode': '8575699153333', 'qrCode': 'https://cdn.dummyjson.com/public/qr-code.png'}","['https://cdn.dummyjson.com/product-images/smartphones/vivo-s1/1.webp', 'https://cdn.dummyjson.com/product-images/smartphones/vivo-s1/2.webp', 'https://cdn.dummyjson.com/product-images/smartphones/vivo-s1/3.webp']",https://cdn.dummyjson.com/product-images/smartphones/vivo-s1/thumbnail.webp
135,Vivo V9,"The Vivo V9 is a smartphone known for its sleek design and emphasis on capturing high-quality selfies. It features a notch display, dual-camera setup, and a modern design.",smartphones,299.99,17.67,3.6,82,"['smartphones', 'vivo']",Vivo,SMA-VIV-VIV-135,4,"{'width': 19.85, 'height': 21.83, 'depth': 13.04}",2 year warranty,Ships in 1 month,In Stock,"[{'rating': 2, 'comment': 'Very unhappy with my purchase!', 'date': '2025-04-30T09:41:02.054Z', 'reviewerName': 'Logan Lawson', 'reviewerEmail': 'logan.lawson@x.dummyjson.com'}, {'rating': 5, 'comment': 'Awesome product!', 'date': '2025-04-30T09:41:02.054Z', 'reviewerName': 'Layla Young', 'reviewerEmail': 'layla.young@x.dummyjson.com'}, {'rating': 4, 'comment': 'Great value for money!', 'date': '2025-04-30T09:41:02.054Z', 'reviewerName': 'Asher Scott', 'reviewerEmail': 'asher.scott@x.dummyjson.com'}]",60 days return policy,2,"{'createdAt': '2026-02-10T13:42:59.493Z', 'updatedAt': '2026-04-23T02:30:33.658Z', 'barcode': '4295398764784', 'qrCode': 'https://cdn.dummyjson.com/public/qr-code.png'}","['https://cdn.dummyjson.com/product-images/smartphones/vivo-v9/1.webp', 'https://cdn.dummyjson.com/product-images/smartphones/vivo-v9/2.webp', 'https://cdn.dummyjson.com/product-images/smartphones/vivo-v9/3.webp']",https://cdn.dummyjson.com/product-images/smartphones/vivo-v9/thumbnail.webp
136,Vivo X21,"The Vivo X21 is a premium smartphone with a focus on cutting-edge technology. It features an in-display fingerprint sensor, a high-resolution display, and advanced camera capabilities.",smartphones,499.99,17.41,4.26,7,"['smartphones', 'vivo']",Vivo,SMA-VIV-VIV-136,10,"{'width': 22.49, 'height': 21.62, 'depth': 27.88}",1 year warranty,Ships in 1-2 business days,In Stock,"[{'rating': 4, 'comment': 'Very pleased!', 'date': '2025-04-30T09:41:02.054Z', 'reviewerName': 'Liam Gonzalez', 'reviewerEmail': 'liam.gonzalez@x.dummyjson.com'}, {'rating': 4, 'comment': 'Fast shipping!', 'date': '2025-04-30T09:41:02.054Z', 'reviewerName': 'Aurora Barnes', 'reviewerEmail': 'aurora.barnes@x.dummyjson.com'}, {'rating': 2, 'comment': 'Not as described!', 'date': '2025-04-30T09:41:02.054Z', 'reviewerName': 'Evelyn Walker', 'reviewerEmail': 'evelyn.walker@x.dummyjson.com'}]",60 days return policy,3,"{'createdAt': '2025-05-14T08:33:30.555Z', 'updatedAt': '2025-07-17T03:45:59.780Z', 'barcode': '9944308291810', 'qrCode': 'https://cdn.dummyjson.com/public/qr-code.png'}","['https://cdn.dummyjson.com/product-images/smartphones/vivo-x21/1.webp', 'https://cdn.dummyjson.com/product-images/smartphones/vivo-x21/2.webp', 'https://cdn.dummyjson.com/product-images/smartphones/vivo-x21/3.webp']",https://cdn.dummyjson.com/product-images/smartphones/vivo-x21/thumbnail.webp
137,American Football,"The American Football is a classic ball used in American football games. It is designed for throwing and catching, making it an essential piece of equipment for the sport.",sports-accessories,19.99,4.93,4.91,53,"['sports equipment', 'american football']",,SPO-BRD-AME-137,2,"{'width': 6.88, 'height': 5.82, 'depth': 21.96}",6 months warranty,Ships in 1 month,In Stock,"[{'rating': 4, 'comment': 'Awesome product!', 'date': '2025-04-30T09:41:02.054Z', 'reviewerName': 'Scarlett Bowman', 'reviewerEmail': 'scarlett.bowman@x.dummyjson.com'}, {'rating': 4, 'comment': 'Would buy again!', 'date': '2025-04-30T09:41:02.054Z', 'reviewerName': 'Tristan Scott', 'reviewerEmail': 'tristan.scott@x.dummyjson.com'}, {'rating': 4, 'comment': 'Very pleased!', 'date': '2025-04-30T09:41:02.054Z', 'reviewerName': 'Eleanor Tyler', 'reviewerEmail': 'eleanor.tyler@x.dummyjson.com'}]",90 days return policy,1,"{'createdAt': '2026-02-11T02:34:53.226Z', 'updatedAt': '2026-07-12T00:50:23.962Z', 'barcode': '0984311727547', 'qrCode': 'https://cdn.dummyjson.com/public/qr-code.png'}",['https://cdn.dummyjson.com/product-images/sports-accessories/american-football/1.webp'],https://cdn.dummyjson.com/product-images/sports-accessories/american-football/thumbnail.webp
138,Baseball Ball,"The Baseball Ball is a standard baseball used in baseball games. It features a durable leather cover and is designed for pitching, hitting, and fielding in the game of baseball.",sports-accessories,8.99,1.71,2.57,100,"['sports equipment', 'baseball']",,SPO-BRD-BAS-138,5,"{'width': 14.42, 'height': 22.65, 'depth': 15.89}",6 months warranty,Ships in 1 week,In Stock,"[{'rating': 5, 'comment': 'Excellent quality!', 'date': '2025-04-30T09:41:02.054Z', 'reviewerName': 'Scarlett Wright', 'reviewerEmail': 'scarlett.wright@x.dummyjson.com'}, {'rating': 4, 'comment': 'Great value for money!', 'date': '2025-04-30T09:41:02.054Z', 'reviewerName': 'Carter Baker', 'reviewerEmail': 'carter.baker@x.dummyjson.com'}, {'rating': 1, 'comment': 'Poor quality!', 'date': '2025-04-30T09:41:02.054Z', 'reviewerName': 'Aria Flores', 'reviewerEmail': 'aria.flores@x.dummyjson.com'}]",30 days return policy,11,"{'createdAt': '2025-01-22T16:34:14.873Z', 'updatedAt': '2026-08-10T03:10:39.952Z', 'barcode': '8981184448425', 'qrCode': 'https://cdn.dummyjson.com/public/qr-code.png'}",['https://cdn.dummyjson.com/product-images/sports-accessories/baseball-ball/1.webp'],https://cdn.dummyjson.com/product-images/sports-accessories/baseball-ball/thumbnail.webp
139,Baseball Glove,"The Baseball Glove is a protective glove worn by baseball players. It is designed to catch and field the baseball, providing players with comfort and control during the game.",sports-accessories,24.99,2.9,3.96,22,"['sports equipment', 'baseball']",,SPO-BRD-BAS-139,1,"{'width': 23.84, 'height': 11.12, 'depth': 5.85}",Lifetime warranty,Ships in 2 weeks,In Stock,"[{'rating': 1, 'comment': 'Very unhappy with my purchase!', 'date': '2025-04-30T09:41:02.054Z', 'reviewerName': 'Hazel Gardner', 'reviewerEmail': 'hazel.gardner@x.dummyjson.com'}, {'rating': 4, 'comment': 'Great value for money!', 'date': '2025-04-30T09:41:02.054Z', 'reviewerName': 'Scarlett Wright', 'reviewerEmail': 'scarlett.wright@x.dummyjson.com'}, {'rating': 3, 'comment': 'Would not recommend!', 'date': '2025-04-30T09:41:02.054Z', 'reviewerName': 'Nathan Reed', 'reviewerEmail': 'nathan.reed@x.dummyjson.com'}]",90 days return policy,8,"{'createdAt': '2025-11-08T03:00:37.685Z', 'updatedAt': '2026-08-19T09:59:16.490Z', 'barcode': '1607433635330', 'qrCode': 'https://cdn.dummyjson.com/public/qr-code.png'}","['https://cdn.dummyjson.com/product-images/sports-accessories/baseball-glove/1.webp', 'https://cdn.dummyjson.com/product-images/sports-accessories/baseball-glove/2.webp', 'https://cdn.dummyjson.com/product-images/sports-accessories/baseball-glove/3.webp']",https://cdn.dummyjson.com/product-images/sports-accessories/baseball-glove/thumbnail.webp
140,Basketball,"The Basketball is a standard ball used in basketball games. It is designed for dribbling, shooting, and passing in the game of basketball, suitable for both indoor and outdoor play.",sports-accessories,14.99,7.44,4.66,75,"['sports equipment', 'basketball']",,SPO-BRD-BAS-140,7,"{'width': 27.86, 'height': 10.64, 'depth': 18.75}",1 year warranty,Ships in 1 week,In Stock,"[{'rating': 5, 'comment': 'Highly recommended!', 'date': '2025-04-30T09:41:02.054Z', 'reviewerName': 'Mia Rodriguez', 'reviewerEmail': 'mia.rodriguez@x.dummyjson.com'}, {'rating': 2, 'comment': 'Would not buy again!', 'date': '2025-04-30T09:41:02.054Z', 'reviewerName': 'Ella Adams', 'reviewerEmail': 'ella.adams@x.dummyjson.com'}, {'rating': 4, 'comment': 'Very satisfied!', 'date': '2025-04-30T09:41:02.054Z', 'reviewerName': 'Aubrey Garcia', 'reviewerEmail': 'aubrey.garcia@x.dummyjson.com'}]",90 days return policy,11,"{'createdAt': '2025-10-07T04:35:50.465Z', 'updatedAt': '2026-03-12T23:12:16.879Z', 'barcode': '3219724919696', 'qrCode': 'https://cdn.dummyjson.com/public/qr-code.png'}",['https://cdn.dummyjson.com/product-images/sports-accessories/basketball/1.webp'],https://cdn.dummyjson.com/product-images/sports-accessories/basketball/thumbnail.webp
141,Basketball Rim,The Basketball Rim is a sturdy hoop and net assembly mounted on a basketball backboard. It provides a target for shooting and scoring in the game of basketball.,sports-accessories,39.99,7.74,4.6,43,"['sports equipment', 'basketball']",,SPO-BRD-BAS-141,1,"{'width': 15.83, 'height': 20.87, 'depth': 7.27}",3 months warranty,Ships overnight,In Stock,"[{'rating': 4, 'comment': 'Fast shipping!', 'date': '2025-04-30T09:41:02.054Z', 'reviewerName': 'Mason Wright', 'reviewerEmail': 'mason.wright@x.dummyjson.com'}, {'rating': 5, 'comment': 'Highly recommended!', 'date': '2025-04-30T09:41:02.054Z', 'reviewerName': 'Tristan Scott', 'reviewerEmail': 'tristan.scott@x.dummyjson.com'}, {'rating': 1, 'comment': 'Would not buy again!', 'date': '2025-04-30T09:41:02.054Z', 'reviewerName': 'Max Parker', 'reviewerEmail': 'max.parker@x.dummyjson.com'}]",No return policy,9,"{'createdAt': '2025-11-14T08:31:01.196Z', 'updatedAt': '2025-12-22T10:09:27.182Z', 'barcode': '6916173283925', 'qrCode': 'https://cdn.dummyjson.com/public/qr-code.png'}",['https://cdn.dummyjson.com/product-images/sports-accessories/basketball-rim/1.webp'],https://cdn.dummyjson.com/product-images/sports-accessories/basketball-rim/thumbnail.webp
142,Cricket Ball,"The Cricket Ball is a hard leather ball used in the sport of cricket. It is bowled and batted in the game, and its hardness and seam contribute to the dynamics of cricket play.",sports-accessories,12.99,8.63,3.53,30,"['sports equipment', 'cricket']",,SPO-BRD-CRI-142,7,"{'width': 28.51, 'height': 20.77, 'depth': 17.66}",3 year warranty,Ships in 3-5 business days,In Stock,"[{'rating': 1, 'comment': 'Poor quality!', 'date': '2025-04-30T09:41:02.054Z', 'reviewerName': 'Julian James', 'reviewerEmail': 'julian.james@x.dummyjson.com'}, {'rating': 1, 'comment': 'Poor quality!', 'date': '2025-04-30T09:41:02.054Z', 'reviewerName': 'Autumn Gomez', 'reviewerEmail': 'autumn.gomez@x.dummyjson.com'}, {'rating': 2, 'comment': 'Waste of money!', 'date': '2025-04-30T09:41:02.054Z', 'reviewerName': 'Liam Gonzalez', 'reviewerEmail': 'liam.gonzalez@x.dummyjson.com'}]",7 days return policy,11,"{'createdAt': '2025-05-28T16:15:04.708Z', 'updatedAt': '2026-07-03T07:31:01.873Z', 'barcode': '0027512125380', 'qrCode': 'https://cdn.dummyjson.com/public/qr-code.png'}",['https://cdn.dummyjson.com/product-images/sports-accessories/cricket-ball/1.webp'],https://cdn.dummyjson.com/product-images/sports-accessories/cricket-ball/thumbnail.webp
143,Cricket Bat,The Cricket Bat is an essential piece of cricket equipment used by batsmen to hit the cricket ball. It is made of wood and comes in various sizes and designs.,sports-accessories,29.99,3.29,3.17,98,"['sports equipment', 'cricket']",,SPO-BRD-CRI-143,10,"{'width': 27.44, 'height': 23.65, 'depth': 16.62}",1 year warranty,Ships in 1-2 business days,In Stock,"[{'rating': 5, 'comment': 'Very satisfied!', 'date': '2025-04-30T09:41:02.054Z', 'reviewerName': 'Samantha Howard', 'reviewerEmail': 'samantha.howard@x.dummyjson.com'}, {'rating': 5, 'comment': 'Would buy again!', 'date': '2025-04-30T09:41:02.054Z', 'reviewerName': 'Ella Adams', 'reviewerEmail': 'ella.adams@x.dummyjson.com'}, {'rating': 3, 'comment': 'Poor quality!', 'date': '2025-04-30T09:41:02.054Z', 'reviewerName': 'Julian Newton', 'reviewerEmail': 'julian.newton@x.dummyjson.com'}]",No return policy,16,"{'createdAt': '2025-03-07T16:10:28.349Z', 'updatedAt': '2026-08-31T15:48:10.312Z', 'barcode': '1225217575490', 'qrCode': 'https://cdn.dummyjson.com/public/qr-code.png'}",['https://cdn.dummyjson.com/product-images/sports-accessories/cricket-bat/1.webp'],https://cdn.dummyjson.com/product-images/sports-accessories/cricket-bat/thumbnail.webp
144,Cricket Helmet,"The Cricket Helmet is a protective headgear worn by cricket players, especially batsmen and wicketkeepers. It provides protection against fast bowling and bouncers.",sports-accessories,44.99,9.64,4.69,10,"['sports equipment', 'cricket']",,SPO-BRD-CRI-144,10,"{'width': 6.34, 'height': 6.25, 'depth': 21.68}",Lifetime warranty,Ships overnight,In Stock,"[{'rating': 5, 'comment': 'Great value for money!', 'date': '2025-04-30T09:41:02.054Z', 'reviewerName': 'Henry Turner', 'reviewerEmail': 'henry.turner@x.dummyjson.com'}, {'rating': 4, 'comment': 'Excellent quality!', 'date': '2025-04-30T09:41:02.054Z', 'reviewerName': 'Maya Reed', 'reviewerEmail': 'maya.reed@x.dummyjson.com'}, {'rating': 4, 'comment': 'Very pleased!', 'date': '2025-04-30T09:41:02.054Z', 'reviewerName': 'Avery Perez', 'reviewerEmail': 'avery.perez@x.dummyjson.com'}]",60 days return policy,4,"{'createdAt': '2026-03-27T21:06:13.584Z', 'updatedAt': '2026-07-03T22:23:10.138Z', 'barcode': '2192738034162', 'qrCode': 'https://cdn.dummyjson.com/public/qr-code.png'}","['https://cdn.dummyjson.com/product-images/sports-accessories/cricket-helmet/1.webp', 'https://cdn.dummyjson.com/product-images/sports-accessories/cricket-helmet/2.webp', 'https://cdn.dummyjson.com/product-images/sports-accessories/cricket-helmet/3.webp', 'https://cdn.dummyjson.com/product-images/sports-accessories/cricket-helmet/4.webp']",https://cdn.dummyjson.com/product-images/sports-accessories/cricket-helmet/thumbnail.webp
145,Cricket Wicket,"The Cricket Wicket is a set of three stumps and two bails, forming a wicket used in the sport of cricket. Batsmen aim to protect the wicket while scoring runs.",sports-accessories,29.99,16.93,4.73,25,"['sports equipment', 'cricket']",,SPO-BRD-CRI-145,5,"{'width': 15.99, 'height': 15.23, 'depth': 22.81}",3 months warranty,Ships overnight,In Stock,"[{'rating': 3, 'comment': 'Very dissatisfied!', 'date': '2025-04-30T09:41:02.054Z', 'reviewerName': 'Gabriel Mitchell', 'reviewerEmail': 'gabriel.mitchell@x.dummyjson.com'}, {'rating': 5, 'comment': 'Fast shipping!', 'date': '2025-04-30T09:41:02.054Z', 'reviewerName': 'Grayson Coleman', 'reviewerEmail': 'grayson.coleman@x.dummyjson.com'}, {'rating': 5, 'comment': 'Awesome product!', 'date': '2025-04-30T09:41:02.054Z', 'reviewerName': 'Grace Green', 'reviewerEmail': 'grace.green@x.dummyjson.com'}]",No return policy,20,"{'createdAt': '2025-12-16T10:30:13.029Z', 'updatedAt': '2026-07-14T19:25:20.523Z', 'barcode': '9514466946651', 'qrCode': 'https://cdn.dummyjson.com/public/qr-code.png'}",['https://cdn.dummyjson.com/product-images/sports-accessories/cricket-wicket/1.webp'],https://cdn.dummyjson.com/product-images/sports-accessories/cricket-wicket/thumbnail.webp
146,Feather Shuttlecock,"The Feather Shuttlecock is used in the sport of badminton. It features natural feathers and is designed for high-speed play, providing stability and accuracy during matches.",sports-accessories,5.99,2.95,2.85,95,"['sports equipment', 'badminton']",,SPO-BRD-FEA-146,4,"{'width': 19.63, 'height': 23.73, 'depth': 18.56}",3 year warranty,Ships in 1-2 business days,In Stock,"[{'rating': 4, 'comment': 'Awesome product!', 'date': '2025-04-30T09:41:02.054Z', 'reviewerName': 'Liam Smith', 'reviewerEmail': 'liam.smith@x.dummyjson.com'}, {'rating': 5, 'comment': 'Very happy with my purchase!', 'date': '2025-04-30T09:41:02.054Z', 'reviewerName': 'Aubrey Wagner', 'reviewerEmail': 'aubrey.wagner@x.dummyjson.com'}, {'rating': 4, 'comment': 'Very pleased!', 'date': '2025-04-30T09:41:02.054Z', 'reviewerName': 'Scarlett Bowman', 'reviewerEmail': 'scarlett.bowman@x.dummyjson.com'}]",60 days return policy,30,"{'createdAt': '2026-05-24T19:36:06.521Z', 'updatedAt': '2026-07-21T00:59:10.065Z', 'barcode': '5360325610488', 'qrCode': 'https://cdn.dummyjson.com/public/qr-code.png'}",['https://cdn.dummyjson.com/product-images/sports-accessories/feather-shuttlecock/1.webp'],https://cdn.dummyjson.com/product-images/sports-accessories/feather-shuttlecock/thumbnail.webp
147,Football,"The Football, also known as a soccer ball, is the standard ball used in the sport of football (soccer). It is designed for kicking and passing in the game.",sports-accessories,17.99,5.15,3.28,96,"['sports equipment', 'football']",,SPO-BRD-FOO-147,1,"{'width': 28.93, 'height': 23.01, 'depth': 11.71}",Lifetime warranty,Ships overnight,In Stock,"[{'rating': 4, 'comment': 'Very happy with my purchase!', 'date': '2025-04-30T09:41:02.054Z', 'reviewerName': 'Elena Long', 'reviewerEmail': 'elena.long@x.dummyjson.com'}, {'rating': 2, 'comment': 'Would not recommend!', 'date': '2025-04-30T09:41:02.054Z', 'reviewerName': 'Leah Gutierrez', 'reviewerEmail': 'leah.gutierrez@x.dummyjson.com'}, {'rating': 4, 'comment': 'Very happy with my purchase!', 'date': '2025-04-30T09:41:02.054Z', 'reviewerName': 'Nathan Dixon', 'reviewerEmail': 'nathan.dixon@x.dummyjson.com'}]",7 days return policy,27,"{'createdAt': '2026-05-29T10:10:17.634Z', 'updatedAt': '2026-08-09T08:15:38.827Z', 'barcode': '7605305555987', 'qrCode': 'https://cdn.dummyjson.com/public/qr-code.png'}",['https://cdn.dummyjson.com/product-images/sports-accessories/football/1.webp'],https://cdn.dummyjson.com/product-images/sports-accessories/football/thumbnail.webp
148,Golf Ball,"The Golf Ball is a small ball used in the sport of golf. It features dimples on its surface, providing aerodynamic lift and distance when struck by a golf club.",sports-accessories,9.99,17.37,4.3,84,"['sports equipment', 'golf']",,SPO-BRD-GOL-148,3,"{'width': 24.89, 'height': 23.39, 'depth': 12.47}",1 year warranty,Ships in 3-5 business days,In Stock,"[{'rating': 2, 'comment': 'Not worth the price!', 'date': '2025-04-30T09:41:02.054Z', 'reviewerName': 'Ella Cook', 'reviewerEmail': 'ella.cook@x.dummyjson.com'}, {'rating': 2, 'comment': 'Waste of money!', 'date': '2025-04-30T09:41:02.054Z', 'reviewerName': 'Cameron Perez', 'reviewerEmail': 'cameron.perez@x.dummyjson.com'}, {'rating': 5, 'comment': 'Very satisfied!', 'date': '2025-04-30T09:41:02.054Z', 'reviewerName': 'Mason Wright', 'reviewerEmail': 'mason.wright@x.dummyjson.com'}]",No return policy,40,"{'createdAt': '2026-04-03T04:42:48.495Z', 'updatedAt': '2026-07-15T08:59:03.465Z', 'barcode': '6940117186155', 'qrCode': 'https://cdn.dummyjson.com/public/qr-code.png'}",['https://cdn.dummyjson.com/product-images/sports-accessories/golf-ball/1.webp'],https://cdn.dummyjson.com/product-images/sports-accessories/golf-ball/thumbnail.webp
149,Iron Golf,"The Iron Golf is a type of golf club designed for various golf shots. It features a solid metal head and is used for approach shots, chipping, and other golfing techniques.",sports-accessories,49.99,6.53,4.41,90,"['sports equipment', 'golf']",,SPO-BRD-IRO-149,2,"{'width': 10.15, 'height': 19.55, 'depth': 5.91}",3 months warranty,Ships in 2 weeks,In Stock,"[{'rating': 5, 'comment': 'Awesome product!', 'date': '2025-04-30T09:41:02.054Z', 'reviewerName': 'Julian Newton', 'reviewerEmail': 'julian.newton@x.dummyjson.com'}, {'rating': 1, 'comment': 'Would not buy again!', 'date': '2025-04-30T09:41:02.054Z', 'reviewerName': 'Caleb Perkins', 'reviewerEmail': 'caleb.perkins@x.dummyjson.com'}, {'rating': 5, 'comment': 'Awesome product!', 'date': '2025-04-30T09:41:02.054Z', 'reviewerName': 'Aria Ferguson', 'reviewerEmail': 'aria.ferguson@x.dummyjson.com'}]",7 days return policy,8,"{'createdAt': '2026-01-21T12:28:47.454Z', 'updatedAt': '2026-02-17T17:01:40.210Z', 'barcode': '4196059523236', 'qrCode': 'https://cdn.dummyjson.com/public/qr-code.png'}",['https://cdn.dummyjson.com/product-images/sports-accessories/iron-golf/1.webp'],https://cdn.dummyjson.com/product-images/sports-accessories/iron-golf/thumbnail.webp
150,Metal Baseball Bat,The Metal Baseball Bat is a durable and lightweight baseball bat made from metal alloys. It is commonly used in baseball games for hitting and batting practice.,sports-accessories,29.99,19.51,4.66,16,"['sports equipment', 'baseball']",,SPO-BRD-MET-150,7,"{'width': 28.43, 'height': 14.3, 'depth': 7.36}",3 year warranty,Ships in 1 week,In Stock,"[{'rating': 5, 'comment': 'Very happy with my purchase!', 'date': '2025-04-30T09:41:02.054Z', 'reviewerName': 'Gabriel Bailey', 'reviewerEmail': 'gabriel.bailey@x.dummyjson.com'}, {'rating': 4, 'comment': 'Great value for money!', 'date': '2025-04-30T09:41:02.054Z', 'reviewerName': 'Owen Fisher', 'reviewerEmail': 'owen.fisher@x.dummyjson.com'}, {'rating': 5, 'comment': 'Would buy again!', 'date': '2025-04-30T09:41:02.054Z', 'reviewerName': 'Logan Lawson', 'reviewerEmail': 'logan.lawson@x.dummyjson.com'}]",60 days return policy,9,"{'createdAt': '2024-10-13T02:11:46.025Z', 'updatedAt': '2025-11-07T11:41:55.271Z', 'barcode': '7296388268295', 'qrCode': 'https://cdn.dummyjson.com/public/qr-code.png'}",['https://cdn.dummyjson.com/product-images/sports-accessories/metal-baseball-bat/1.webp'],https://cdn.dummyjson.com/product-images/sports-accessories/metal-baseball-bat/thumbnail.webp
151,Tennis Ball,The Tennis Ball is a standard ball used in the sport of tennis. It is designed for bouncing and hitting with tennis rackets during matches or practice sessions.,sports-accessories,6.99,11.76,4.06,28,"['sports equipment', 'tennis']",,SPO-BRD-TEN-151,3,"{'width': 8.04, 'height': 20.35, 'depth': 12.24}",5 year warranty,Ships in 1 week,In Stock,"[{'rating': 4, 'comment': 'Would buy again!', 'date': '2025-04-30T09:41:02.054Z', 'reviewerName': 'Addison Ward', 'reviewerEmail': 'addison.ward@x.dummyjson.com'}, {'rating': 5, 'comment': 'Great value for money!', 'date': '2025-04-30T09:41:02.054Z', 'reviewerName': 'Max Russell', 'reviewerEmail': 'max.russell@x.dummyjson.com'}, {'rating': 4, 'comment': 'Very happy with my purchase!', 'date': '2025-04-30T09:41:02.054Z', 'reviewerName': 'Luna Perez', 'reviewerEmail': 'luna.perez@x.dummyjson.com'}]",7 days return policy,6,"{'createdAt': '2026-08-28T03:10:43.380Z', 'updatedAt': '2026-08-28T15:36:42.750Z', 'barcode': '2793132647969', 'qrCode': 'https://cdn.dummyjson.com/public/qr-code.png'}",['https://cdn.dummyjson.com/product-images/sports-accessories/tennis-ball/1.webp'],https://cdn.dummyjson.com/product-images/sports-accessories/tennis-ball/thumbnail.webp
152,Tennis Racket,"The Tennis Racket is an essential piece of equipment used in the sport of tennis. It features a frame with strings and a grip, allowing players to hit the tennis ball.",sports-accessories,49.99,19.61,4.03,6,"['sports equipment', 'tennis']",,SPO-BRD-TEN-152,7,"{'width': 17.7, 'height': 16.38, 'depth': 18.74}",5 year warranty,Ships overnight,Low Stock,"[{'rating': 3, 'comment': 'Poor quality!', 'date': '2025-04-30T09:41:02.054Z', 'reviewerName': 'Mason Parker', 'reviewerEmail': 'mason.parker@x.dummyjson.com'}, {'rating': 5, 'comment': 'Highly impressed!', 'date': '2025-04-30T09:41:02.054Z', 'reviewerName': 'Gabriel Bailey', 'reviewerEmail': 'gabriel.bailey@x.dummyjson.com'}, {'rating': 5, 'comment': 'Highly recommended!', 'date': '2025-04-30T09:41:02.054Z', 'reviewerName': 'Lincoln Kelly', 'reviewerEmail': 'lincoln.kelly@x.dummyjson.com'}]",7 days return policy,5,"{'createdAt': '2025-03-10T20:50:42.333Z', 'updatedAt': '2025-09-19T17:06:35.012Z', 'barcode': '5611498376196', 'qrCode': 'https://cdn.dummyjson.com/public/qr-code.png'}",['https://cdn.dummyjson.com/product-images/sports-accessories/tennis-racket/1.webp'],https://cdn.dummyjson.com/product-images/sports-accessories/tennis-racket/thumbnail.webp
153,Volleyball,"The Volleyball is a standard ball used in the sport of volleyball. It is designed for passing, setting, and spiking over the net during volleyball matches.",sports-accessories,11.99,12.25,3.84,0,"['sports equipment', 'volleyball']",,SPO-BRD-VOL-153,3,"{'width': 17.01, 'height': 20.05, 'depth': 9.94}",1 week warranty,Ships in 1 week,Out of Stock,"[{'rating': 4, 'comment': 'Great product!', 'date': '2025-04-30T09:41:02.054Z', 'reviewerName': 'Carter Rivera', 'reviewerEmail': 'carter.rivera@x.dummyjson.com'}, {'rating': 1, 'comment': 'Would not recommend!', 'date': '2025-04-30T09:41:02.054Z', 'reviewerName': 'Eli Ward', 'reviewerEmail': 'eli.ward@x.dummyjson.com'}, {'rating': 4, 'comment': 'Highly recommended!', 'date': '2025-04-30T09:41:02.054Z', 'reviewerName': 'Emma Wilson', 'reviewerEmail': 'emma.wilson@x.dummyjson.com'}]",90 days return policy,44,"{'createdAt': '2026-05-24T21:49:26.491Z', 'updatedAt': '2026-06-09T07:25:45.495Z', 'barcode': '6348576170594', 'qrCode': 'https://cdn.dummyjson.com/public/qr-code.png'}",['https://cdn.dummyjson.com/product-images/sports-accessories/volleyball/1.webp'],https://cdn.dummyjson.com/product-images/sports-accessories/volleyball/thumbnail.webp
154,Black Sun Glasses,"The Black Sun Glasses are a classic and stylish choice, featuring a sleek black frame and tinted lenses. They provide both UV protection and a fashionable look.",sunglasses,29.99,4.94,4.41,60,"['eyewear', 'sunglasses']",Fashion Shades,SUN-FAS-BLA-154,1,"{'width': 18.51, 'height': 15.69, 'depth': 10.11}",No warranty,Ships in 1-2 business days,In Stock,"[{'rating': 3, 'comment': 'Would not recommend!', 'date': '2025-04-30T09:41:02.054Z', 'reviewerName': 'Jonathan Pierce', 'reviewerEmail': 'jonathan.pierce@x.dummyjson.com'}, {'rating': 2, 'comment': 'Disappointing product!', 'date': '2025-04-30T09:41:02.054Z', 'reviewerName': 'Owen Fisher', 'reviewerEmail': 'owen.fisher@x.dummyjson.com'}, {'rating': 4, 'comment': 'Very happy with my purchase!', 'date': '2025-04-30T09:41:02.054Z', 'reviewerName': 'Samantha Martinez', 'reviewerEmail': 'samantha.martinez@x.dummyjson.com'}]",7 days return policy,17,"{'createdAt': '2025-09-07T18:03:27.535Z', 'updatedAt': '2026-01-09T09:29:38.063Z', 'barcode': '1045032983803', 'qrCode': 'https://cdn.dummyjson.com/public/qr-code.png'}","['https://cdn.dummyjson.com/product-images/sunglasses/black-sun-glasses/1.webp', 'https://cdn.dummyjson.com/product-images/sunglasses/black-sun-glasses/2.webp', 'https://cdn.dummyjson.com/product-images/sunglasses/black-sun-glasses/3.webp']",https://cdn.dummyjson.com/product-images/sunglasses/black-sun-glasses/thumbnail.webp
155,Classic Sun Glasses,The Classic Sun Glasses offer a timeless design with a neutral frame and UV-protected lenses. These sunglasses are versatile and suitable for various occasions.,sunglasses,24.99,4.94,3.86,1,"['eyewear', 'sunglasses']",Fashion Shades,SUN-FAS-CLA-155,8,"{'width': 19.87, 'height': 16.73, 'depth': 11.07}",6 months warranty,Ships in 1 month,Low Stock,"[{'rating': 5, 'comment': 'Very satisfied!', 'date': '2025-04-30T09:41:02.054Z', 'reviewerName': 'Logan Lee', 'reviewerEmail': 'logan.lee@x.dummyjson.com'}, {'rating': 3, 'comment': 'Very dissatisfied!', 'date': '2025-04-30T09:41:02.054Z', 'reviewerName': 'Jack Ward', 'reviewerEmail': 'jack.ward@x.dummyjson.com'}, {'rating': 4, 'comment': 'Very happy with my purchase!', 'date': '2025-04-30T09:41:02.054Z', 'reviewerName': 'Julian James', 'reviewerEmail': 'julian.james@x.dummyjson.com'}]",90 days return policy,18,"{'createdAt': '2026-04-23T10:20:09.947Z', 'updatedAt': '2026-06-21T10:04:38.342Z', 'barcode': '5771263118885', 'qrCode': 'https://cdn.dummyjson.com/public/qr-code.png'}","['https://cdn.dummyjson.com/product-images/sunglasses/classic-sun-glasses/1.webp', 'https://cdn.dummyjson.com/product-images/sunglasses/classic-sun-glasses/2.webp', 'https://cdn.dummyjson.com/product-images/sunglasses/classic-sun-glasses/3.webp']",https://cdn.dummyjson.com/product-images/sunglasses/classic-sun-glasses/thumbnail.webp
156,Green and Black Glasses,"The Green and Black Glasses feature a bold combination of green and black colors, adding a touch of vibrancy to your eyewear collection. They are both stylish and eye-catching.",sunglasses,34.99,1.01,4.55,24,"['eyewear', 'sunglasses']",Fashion Shades,SUN-FAS-GRE-156,7,"{'width': 26.13, 'height': 9.8, 'depth': 25.94}",1 year warranty,Ships overnight,In Stock,"[{'rating': 3, 'comment': 'Waste of money!', 'date': '2025-04-30T09:41:02.054Z', 'reviewerName': 'Ava Taylor', 'reviewerEmail': 'ava.taylor@x.dummyjson.com'}, {'rating': 3, 'comment': 'Disappointing product!', 'date': '2025-04-30T09:41:02.054Z', 'reviewerName': 'Owen Sullivan', 'reviewerEmail': 'owen.sullivan@x.dummyjson.com'}, {'rating': 5, 'comment': 'Highly impressed!', 'date': '2025-04-30T09:41:02.054Z', 'reviewerName': 'Victoria McDonald', 'reviewerEmail': 'victoria.mcdonald@x.dummyjson.com'}]",30 days return policy,15,"{'createdAt': '2026-01-21T17:59:14.446Z', 'updatedAt': '2026-06-26T15:58:18.341Z', 'barcode': '0635466237296', 'qrCode': 'https://cdn.dummyjson.com/public/qr-code.png'}","['https://cdn.dummyjson.com/product-images/sunglasses/green-and-black-glasses/1.webp', 'https://cdn.dummyjson.com/product-images/sunglasses/green-and-black-glasses/2.webp', 'https://cdn.dummyjson.com/product-images/sunglasses/green-and-black-glasses/3.webp']",https://cdn.dummyjson.com/product-images/sunglasses/green-and-black-glasses/thumbnail.webp
157,Party Glasses,"The Party Glasses are designed to add flair to your party outfit. With unique shapes or colorful frames, they're perfect for adding a playful touch to your look during celebrations.",sunglasses,19.99,11.22,2.79,86,"['eyewear', 'party glasses']",Fashion Fun,SUN-FAS-PAR-157,9,"{'width': 19.59, 'height': 22.06, 'depth': 27.53}",3 months warranty,Ships overnight,In Stock,"[{'rating': 5, 'comment': 'Very pleased!', 'date': '2025-04-30T09:41:02.054Z', 'reviewerName': 'Levi Hicks', 'reviewerEmail': 'levi.hicks@x.dummyjson.com'}, {'rating': 5, 'comment': 'Excellent quality!', 'date': '2025-04-30T09:41:02.054Z', 'reviewerName': 'Ariana Ross', 'reviewerEmail': 'ariana.ross@x.dummyjson.com'}, {'rating': 4, 'comment': 'Great product!', 'date': '2025-04-30T09:41:02.054Z', 'reviewerName': 'Samantha Howard', 'reviewerEmail': 'samantha.howard@x.dummyjson.com'}]",7 days return policy,39,"{'createdAt': '2026-07-16T22:49:36.078Z', 'updatedAt': '2026-07-30T16:57:15.646Z', 'barcode': '8806276971112', 'qrCode': 'https://cdn.dummyjson.com/public/qr-code.png'}","['https://cdn.dummyjson.com/product-images/sunglasses/party-glasses/1.webp', 'https://cdn.dummyjson.com/product-images/sunglasses/party-glasses/2.webp', 'https://cdn.dummyjson.com/product-images/sunglasses/party-glasses/3.webp']",https://cdn.dummyjson.com/product-images/sunglasses/party-glasses/thumbnail.webp
158,Sunglasses,The Sunglasses offer a classic and simple design with a focus on functionality. These sunglasses provide essential UV protection while maintaining a timeless look.,sunglasses,22.99,1.51,3.02,27,"['eyewear', 'sunglasses']",Fashion Shades,SUN-FAS-SUN-158,1,"{'width': 16.15, 'height': 24.59, 'depth': 10.31}",3 year warranty,Ships in 3-5 business days,In Stock,"[{'rating': 5, 'comment': 'Would buy again!', 'date': '2025-04-30T09:41:02.054Z', 'reviewerName': 'Olivia Wilson', 'reviewerEmail': 'olivia.wilson@x.dummyjson.com'}, {'rating': 2, 'comment': 'Not worth the price!', 'date': '2025-04-30T09:41:02.054Z', 'reviewerName': 'Lillian Bishop', 'reviewerEmail': 'lillian.bishop@x.dummyjson.com'}, {'rating': 4, 'comment': 'Fast shipping!', 'date': '2025-04-30T09:41:02.054Z', 'reviewerName': 'Leah Henderson', 'reviewerEmail': 'leah.henderson@x.dummyjson.com'}]",60 days return policy,8,"{'createdAt': '2025-05-31T01:18:39.338Z', 'updatedAt': '2026-08-18T20:27:59.071Z', 'barcode': '8850931201716', 'qrCode': 'https://cdn.dummyjson.com/public/qr-code.png'}","['https://cdn.dummyjson.com/product-images/sunglasses/sunglasses/1.webp', 'https://cdn.dummyjson.com/product-images/sunglasses/sunglasses/2.webp', 'https://cdn.dummyjson.com/product-images/sunglasses/sunglasses/3.webp']",https://cdn.dummyjson.com/product-images/sunglasses/sunglasses/thumbnail.webp
159,iPad Mini 2021 Starlight,"The iPad Mini 2021 in Starlight is a compact and powerful tablet from Apple. Featuring a stunning Retina display, powerful A-series chip, and a sleek design, it offers a premium tablet experience.",tablets,499.99,3.64,3.18,47,"['electronics', 'tablets']",Apple,TAB-APP-IPA-159,5,"{'width': 17.03, 'height': 5.34, 'depth': 29.62}",2 year warranty,Ships in 1-2 business days,In Stock,"[{'rating': 4, 'comment': 'Highly impressed!', 'date': '2025-04-30T09:41:02.054Z', 'reviewerName': 'Eleanor Collins', 'reviewerEmail': 'eleanor.collins@x.dummyjson.com'}, {'rating': 5, 'comment': 'Very happy with my purchase!', 'date': '2025-04-30T09:41:02.054Z', 'reviewerName': 'Leo Rivera', 'reviewerEmail': 'leo.rivera@x.dummyjson.com'}, {'rating': 4, 'comment': 'Would buy again!', 'date': '2025-04-30T09:41:02.054Z', 'reviewerName': 'Carter Rivera', 'reviewerEmail': 'carter.rivera@x.dummyjson.com'}]",No return policy,3,"{'createdAt': '2025-04-08T05:30:46.521Z', 'updatedAt': '2025-05-04T09:30:42.214Z', 'barcode': '6267995330420', 'qrCode': 'https://cdn.dummyjson.com/public/qr-code.png'}","['https://cdn.dummyjson.com/product-images/tablets/ipad-mini-2021-starlight/1.webp', 'https://cdn.dummyjson.com/product-images/tablets/ipad-mini-2021-starlight/2.webp', 'https://cdn.dummyjson.com/product-images/tablets/ipad-mini-2021-starlight/3.webp', 'https://cdn.dummyjson.com/product-images/tablets/ipad-mini-2021-starlight/4.webp']",https://cdn.dummyjson.com/product-images/tablets/ipad-mini-2021-starlight/thumbnail.webp
160,Samsung Galaxy Tab S8 Plus Grey,"The Samsung Galaxy Tab S8 Plus in Grey is a high-performance Android tablet by Samsung. With a large AMOLED display, powerful processor, and S Pen support, it's ideal for productivity and entertainment.",tablets,599.99,13.31,4.68,62,"['electronics', 'tablets']",Samsung,TAB-SAM-SAM-160,1,"{'width': 6.11, 'height': 25.85, 'depth': 26.85}",3 months warranty,Ships in 2 weeks,In Stock,"[{'rating': 5, 'comment': 'Highly impressed!', 'date': '2025-04-30T09:41:02.054Z', 'reviewerName': 'Christopher West', 'reviewerEmail': 'christopher.west@x.dummyjson.com'}, {'rating': 2, 'comment': 'Disappointing product!', 'date': '2025-04-30T09:41:02.054Z', 'reviewerName': 'Owen Sullivan', 'reviewerEmail': 'owen.sullivan@x.dummyjson.com'}, {'rating': 2, 'comment': 'Very disappointed!', 'date': '2025-04-30T09:41:02.054Z', 'reviewerName': 'Aria Roberts', 'reviewerEmail': 'aria.roberts@x.dummyjson.com'}]",7 days return policy,1,"{'createdAt': '2024-11-25T14:12:22.817Z', 'updatedAt': '2025-12-12T15:26:47.091Z', 'barcode': '5021907981204', 'qrCode': 'https://cdn.dummyjson.com/public/qr-code.png'}","['https://cdn.dummyjson.com/product-images/tablets/samsung-galaxy-tab-s8-plus-grey/1.webp', 'https://cdn.dummyjson.com/product-images/tablets/samsung-galaxy-tab-s8-plus-grey/2.webp', 'https://cdn.dummyjson.com/product-images/tablets/samsung-galaxy-tab-s8-plus-grey/3.webp', 'https://cdn.dummyjson.com/product-images/tablets/samsung-galaxy-tab-s8-plus-grey/4.webp']",https://cdn.dummyjson.com/product-images/tablets/samsung-galaxy-tab-s8-plus-grey/thumbnail.webp
161,Samsung Galaxy Tab White,"The Samsung Galaxy Tab in White is a sleek and versatile Android tablet. With a vibrant display, long-lasting battery, and a range of features, it offers a great user experience for various tasks.",tablets,349.99,18.2,3.72,92,"['electronics', 'tablets']",Samsung,TAB-SAM-SAM-161,5,"{'width': 15.05, 'height': 5.37, 'depth': 11.82}",3 months warranty,Ships overnight,In Stock,"[{'rating': 1, 'comment': 'Waste of money!', 'date': '2025-04-30T09:41:02.054Z', 'reviewerName': 'Max Russell', 'reviewerEmail': 'max.russell@x.dummyjson.com'}, {'rating': 2, 'comment': 'Poor quality!', 'date': '2025-04-30T09:41:02.054Z', 'reviewerName': 'Lincoln Kelly', 'reviewerEmail': 'lincoln.kelly@x.dummyjson.com'}, {'rating': 4, 'comment': 'Very satisfied!', 'date': '2025-04-30T09:41:02.054Z', 'reviewerName': 'Elena Long', 'reviewerEmail': 'elena.long@x.dummyjson.com'}]",7 days return policy,5,"{'createdAt': '2025-10-03T06:38:53.710Z', 'updatedAt': '2025-12-14T00:44:39.370Z', 'barcode': '3477850755498', 'qrCode': 'https://cdn.dummyjson.com/public/qr-code.png'}","['https://cdn.dummyjson.com/product-images/tablets/samsung-galaxy-tab-white/1.webp', 'https://cdn.dummyjson.com/product-images/tablets/samsung-galaxy-tab-white/2.webp', 'https://cdn.dummyjson.com/product-images/tablets/samsung-galaxy-tab-white/3.webp', 'https://cdn.dummyjson.com/product-images/tablets/samsung-galaxy-tab-white/4.webp']",https://cdn.dummyjson.com/product-images/tablets/samsung-galaxy-tab-white/thumbnail.webp
162,Blue Frock,"The Blue Frock is a charming and stylish dress for various occasions. With a vibrant blue color and a comfortable design, it adds a touch of elegance to your wardrobe.",tops,29.99,12.13,4.17,52,"['clothing', 'dresses']",,TOP-BRD-BLU-162,5,"{'width': 24.25, 'height': 5.91, 'depth': 8.79}",Lifetime warranty,Ships in 2 weeks,In Stock,"[{'rating': 4, 'comment': 'Great product!', 'date': '2025-04-30T09:41:02.054Z', 'reviewerName': 'Victoria McDonald', 'reviewerEmail': 'victoria.mcdonald@x.dummyjson.com'}, {'rating': 4, 'comment': 'Fast shipping!', 'date': '2025-04-30T09:41:02.054Z', 'reviewerName': 'Benjamin Foster', 'reviewerEmail': 'benjamin.foster@x.dummyjson.com'}, {'rating': 4, 'comment': 'Would buy again!', 'date': '2025-04-30T09:41:02.054Z', 'reviewerName': 'Addison Ward', 'reviewerEmail': 'addison.ward@x.dummyjson.com'}]",60 days return policy,4,"{'createdAt': '2024-09-17T10:20:54.331Z', 'updatedAt': '2026-03-28T17:32:01.176Z', 'barcode': '6410441827139', 'qrCode': 'https://cdn.dummyjson.com/public/qr-code.png'}","['https://cdn.dummyjson.com/product-images/tops/blue-frock/1.webp', 'https://cdn.dummyjson.com/product-images/tops/blue-frock/2.webp', 'https://cdn.dummyjson.com/product-images/tops/blue-frock/3.webp', 'https://cdn.dummyjson.com/product-images/tops/blue-frock/4.webp']",https://cdn.dummyjson.com/product-images/tops/blue-frock/thumbnail.webp
163,Girl Summer Dress,"The Girl Summer Dress is a cute and breezy dress designed for warm weather. With playful patterns and lightweight fabric, it's perfect for keeping cool and stylish during the summer.",tops,19.99,19.2,4.77,43,"['clothing', ""girls' dresses""]",,TOP-BRD-GIR-163,5,"{'width': 26.19, 'height': 20.65, 'depth': 10.1}",Lifetime warranty,Ships in 1 month,In Stock,"[{'rating': 5, 'comment': 'Excellent quality!', 'date': '2025-04-30T09:41:02.054Z', 'reviewerName': 'Mason Pearson', 'reviewerEmail': 'mason.pearson@x.dummyjson.com'}, {'rating': 4, 'comment': 'Great product!', 'date': '2025-04-30T09:41:02.054Z', 'reviewerName': 'Aubrey Garcia', 'reviewerEmail': 'aubrey.garcia@x.dummyjson.com'}, {'rating': 4, 'comment': 'Very satisfied!', 'date': '2025-04-30T09:41:02.054Z', 'reviewerName': 'Charlotte Davis', 'reviewerEmail': 'charlotte.davis@x.dummyjson.com'}]",60 days return policy,46,"{'createdAt': '2026-07-10T06:59:32.258Z', 'updatedAt': '2026-07-23T20:37:00.557Z', 'barcode': '6273976484433', 'qrCode': 'https://cdn.dummyjson.com/public/qr-code.png'}","['https://cdn.dummyjson.com/product-images/tops/girl-summer-dress/1.webp', 'https://cdn.dummyjson.com/product-images/tops/girl-summer-dress/2.webp', 'https://cdn.dummyjson.com/product-images/tops/girl-summer-dress/3.webp', 'https://cdn.dummyjson.com/product-images/tops/girl-summer-dress/4.webp']",https://cdn.dummyjson.com/product-images/tops/girl-summer-dress/thumbnail.webp
164,Gray Dress,"The Gray Dress is a versatile and chic option for various occasions. With a neutral gray color, it can be dressed up or down, making it a wardrobe staple for any fashion-forward individual.",tops,34.99,14.28,2.72,55,"['clothing', 'dresses']",,TOP-BRD-GRA-164,1,"{'width': 11.91, 'height': 25.72, 'depth': 18.55}",1 month warranty,Ships in 1 month,In Stock,"[{'rating': 5, 'comment': 'Highly impressed!', 'date': '2025-04-30T09:41:02.054Z', 'reviewerName': 'Brayden Fleming', 'reviewerEmail': 'brayden.fleming@x.dummyjson.com'}, {'rating': 4, 'comment': 'Awesome product!', 'date': '2025-04-30T09:41:02.054Z', 'reviewerName': 'Michael Johnson', 'reviewerEmail': 'michael.johnson@x.dummyjson.com'}, {'rating': 5, 'comment': 'Highly recommended!', 'date': '2025-04-30T09:41:02.054Z', 'reviewerName': 'Evelyn Sanchez', 'reviewerEmail': 'evelyn.sanchez@x.dummyjson.com'}]",90 days return policy,13,"{'createdAt': '2026-02-19T17:46:57.073Z', 'updatedAt': '2026-02-28T07:15:35.255Z', 'barcode': '5201099489825', 'qrCode': 'https://cdn.dummyjson.com/public/qr-code.png'}","['https://cdn.dummyjson.com/product-images/tops/gray-dress/1.webp', 'https://cdn.dummyjson.com/product-images/tops/gray-dress/2.webp', 'https://cdn.dummyjson.com/product-images/tops/gray-dress/3.webp', 'https://cdn.dummyjson.com/product-images/tops/gray-dress/4.webp']",https://cdn.dummyjson.com/product-images/tops/gray-dress/thumbnail.webp
165,Short Frock,"The Short Frock is a playful and trendy dress with a shorter length. Ideal for casual outings or special occasions, it combines style and comfort for a fashionable look.",tops,24.99,13.45,3.23,22,"['clothing', 'dresses']",,TOP-BRD-SHO-165,10,"{'width': 24.29, 'height': 6.79, 'depth': 28.12}",1 year warranty,Ships in 1-2 business days,In Stock,"[{'rating': 3, 'comment': 'Disappointing product!', 'date': '2025-04-30T09:41:02.054Z', 'reviewerName': 'Gabriel Hayes', 'reviewerEmail': 'gabriel.hayes@x.dummyjson.com'}, {'rating': 5, 'comment': 'Awesome product!', 'date': '2025-04-30T09:41:02.054Z', 'reviewerName': 'Samantha Howard', 'reviewerEmail': 'samantha.howard@x.dummyjson.com'}, {'rating': 4, 'comment': 'Fast shipping!', 'date': '2025-04-30T09:41:02.054Z', 'reviewerName': 'Luke Cooper', 'reviewerEmail': 'luke.cooper@x.dummyjson.com'}]",30 days return policy,5,"{'createdAt': '2025-02-24T23:14:42.628Z', 'updatedAt': '2026-05-03T15:51:58.027Z', 'barcode': '2022014761829', 'qrCode': 'https://cdn.dummyjson.com/public/qr-code.png'}","['https://cdn.dummyjson.com/product-images/tops/short-frock/1.webp', 'https://cdn.dummyjson.com/product-images/tops/short-frock/2.webp', 'https://cdn.dummyjson.com/product-images/tops/short-frock/3.webp', 'https://cdn.dummyjson.com/product-images/tops/short-frock/4.webp']",https://cdn.dummyjson.com/product-images/tops/short-frock/thumbnail.webp
166,Tartan Dress,"The Tartan Dress features a classic tartan pattern, bringing a timeless and sophisticated touch to your wardrobe. Perfect for fall and winter, it adds a hint of traditional charm.",tops,39.99,12.95,4.05,73,"['clothing', 'dresses']",,TOP-BRD-TAR-166,8,"{'width': 23.14, 'height': 12.44, 'depth': 12.67}",1 month warranty,Ships overnight,In Stock,"[{'rating': 5, 'comment': 'Highly recommended!', 'date': '2025-04-30T09:41:02.054Z', 'reviewerName': 'Mason Pearson', 'reviewerEmail': 'mason.pearson@x.dummyjson.com'}, {'rating': 3, 'comment': 'Not as described!', 'date': '2025-04-30T09:41:02.054Z', 'reviewerName': 'Luke Cooper', 'reviewerEmail': 'luke.cooper@x.dummyjson.com'}, {'rating': 4, 'comment': 'Excellent quality!', 'date': '2025-04-30T09:41:02.054Z', 'reviewerName': 'William Lopez', 'reviewerEmail': 'william.lopez@x.dummyjson.com'}]",No return policy,1,"{'createdAt': '2024-09-08T05:01:39.851Z', 'updatedAt': '2025-04-22T11:26:24.192Z', 'barcode': '3383823083995', 'qrCode': 'https://cdn.dummyjson.com/public/qr-code.png'}","['https://cdn.dummyjson.com/product-images/tops/tartan-dress/1.webp', 'https://cdn.dummyjson.com/product-images/tops/tartan-dress/2.webp', 'https://cdn.dummyjson.com/product-images/tops/tartan-dress/3.webp', 'https://cdn.dummyjson.com/product-images/tops/tartan-dress/4.webp']",https://cdn.dummyjson.com/product-images/tops/tartan-dress/thumbnail.webp
167,300 Touring,"The 300 Touring is a stylish and comfortable sedan, known for its luxurious features and smooth performance.",vehicle,28999.99,3.98,4.05,54,"['sedans', 'vehicles']",Chrysler,VEH-CHR-TOU-167,9,"{'width': 19.2, 'height': 26.17, 'depth': 17.28}",3 year warranty,Ships in 2 weeks,In Stock,"[{'rating': 4, 'comment': 'Very pleased!', 'date': '2025-04-30T09:41:02.054Z', 'reviewerName': 'Luna Russell', 'reviewerEmail': 'luna.russell@x.dummyjson.com'}, {'rating': 5, 'comment': 'Great product!', 'date': '2025-04-30T09:41:02.054Z', 'reviewerName': 'Harper Garcia', 'reviewerEmail': 'harper.garcia@x.dummyjson.com'}, {'rating': 2, 'comment': 'Not as described!', 'date': '2025-04-30T09:41:02.054Z', 'reviewerName': 'Harper Turner', 'reviewerEmail': 'harper.turner@x.dummyjson.com'}]",30 days return policy,1,"{'createdAt': '2026-08-26T17:22:47.153Z', 'updatedAt': '2026-08-31T16:53:46.208Z', 'barcode': '6337799339397', 'qrCode': 'https://cdn.dummyjson.com/public/qr-code.png'}","['https://cdn.dummyjson.com/product-images/vehicle/300-touring/1.webp', 'https://cdn.dummyjson.com/product-images/vehicle/300-touring/2.webp', 'https://cdn.dummyjson.com/product-images/vehicle/300-touring/3.webp', 'https://cdn.dummyjson.com/product-images/vehicle/300-touring/4.webp', 'https://cdn.dummyjson.com/product-images/vehicle/300-touring/5.webp', 'https://cdn.dummyjson.com/product-images/vehicle/300-touring/6.webp']",https://cdn.dummyjson.com/product-images/vehicle/300-touring/thumbnail.webp
168,Charger SXT RWD,"The Charger SXT RWD is a powerful and sporty rear-wheel-drive sedan, offering a blend of performance and practicality.",vehicle,32999.99,8.23,2.58,57,"['sedans', 'sports cars', 'vehicles']",Dodge,VEH-DOD-CHA-168,6,"{'width': 16.77, 'height': 23.03, 'depth': 8.18}",1 month warranty,Ships in 3-5 business days,In Stock,"[{'rating': 2, 'comment': 'Not worth the price!', 'date': '2025-04-30T09:41:02.054Z', 'reviewerName': 'Lily Torres', 'reviewerEmail': 'lily.torres@x.dummyjson.com'}, {'rating': 5, 'comment': 'Would buy again!', 'date': '2025-04-30T09:41:02.054Z', 'reviewerName': 'Hazel Evans', 'reviewerEmail': 'hazel.evans@x.dummyjson.com'}, {'rating': 4, 'comment': 'Fast shipping!', 'date': '2025-04-30T09:41:02.054Z', 'reviewerName': 'Owen Fisher', 'reviewerEmail': 'owen.fisher@x.dummyjson.com'}]",No return policy,1,"{'createdAt': '2025-06-15T17:49:02.739Z', 'updatedAt': '2025-10-10T18:27:43.698Z', 'barcode': '0376498933302', 'qrCode': 'https://cdn.dummyjson.com/public/qr-code.png'}","['https://cdn.dummyjson.com/product-images/vehicle/charger-sxt-rwd/1.webp', 'https://cdn.dummyjson.com/product-images/vehicle/charger-sxt-rwd/2.webp', 'https://cdn.dummyjson.com/product-images/vehicle/charger-sxt-rwd/3.webp', 'https://cdn.dummyjson.com/product-images/vehicle/charger-sxt-rwd/4.webp', 'https://cdn.dummyjson.com/product-images/vehicle/charger-sxt-rwd/5.webp', 'https://cdn.dummyjson.com/product-images/vehicle/charger-sxt-rwd/6.webp']",https://cdn.dummyjson.com/product-images/vehicle/charger-sxt-rwd/thumbnail.webp
169,Dodge Hornet GT Plus,"The Dodge Hornet GT Plus is a compact and agile hatchback, perfect for urban driving with a touch of sportiness.",vehicle,24999.99,2.63,2.65,82,"['hatchbacks', 'compact cars', 'vehicles']",Dodge,VEH-DOD-DOD-169,8,"{'width': 19.89, 'height': 9.8, 'depth': 17.8}",1 year warranty,Ships in 1 month,In Stock,"[{'rating': 5, 'comment': 'Awesome product!', 'date': '2025-04-30T09:41:02.054Z', 'reviewerName': 'Autumn Gomez', 'reviewerEmail': 'autumn.gomez@x.dummyjson.com'}, {'rating': 2, 'comment': 'Not as described!', 'date': '2025-04-30T09:41:02.054Z', 'reviewerName': 'Mateo Bennett', 'reviewerEmail': 'mateo.bennett@x.dummyjson.com'}, {'rating': 5, 'comment': 'Very satisfied!', 'date': '2025-04-30T09:41:02.054Z', 'reviewerName': 'Harper Kelly', 'reviewerEmail': 'harper.kelly@x.dummyjson.com'}]",60 days return policy,1,"{'createdAt': '2025-09-24T14:57:39.870Z', 'updatedAt': '2025-09-28T10:09:43.534Z', 'barcode': '8578515136594', 'qrCode': 'https://cdn.dummyjson.com/public/qr-code.png'}","['https://cdn.dummyjson.com/product-images/vehicle/dodge-hornet-gt-plus/1.webp', 'https://cdn.dummyjson.com/product-images/vehicle/dodge-hornet-gt-plus/2.webp', 'https://cdn.dummyjson.com/product-images/vehicle/dodge-hornet-gt-plus/3.webp', 'https://cdn.dummyjson.com/product-images/vehicle/dodge-hornet-gt-plus/4.webp', 'https://cdn.dummyjson.com/product-images/vehicle/dodge-hornet-gt-plus/5.webp', 'https://cdn.dummyjson.com/product-images/vehicle/dodge-hornet-gt-plus/6.webp']",https://cdn.dummyjson.com/product-images/vehicle/dodge-hornet-gt-plus/thumbnail.webp
170,Durango SXT RWD,"The Durango SXT RWD is a spacious and versatile SUV, known for its strong performance and family-friendly features.",vehicle,36999.99,16.44,4.07,95,"['suvs', 'vehicles']",Dodge,VEH-DOD-DUR-170,1,"{'width': 19.02, 'height': 29.52, 'depth': 24.36}",2 year warranty,Ships in 1 month,In Stock,"[{'rating': 5, 'comment': 'Very pleased!', 'date': '2025-04-30T09:41:02.054Z', 'reviewerName': 'David Martinez', 'reviewerEmail': 'david.martinez@x.dummyjson.com'}, {'rating': 4, 'comment': 'Great value for money!', 'date': '2025-04-30T09:41:02.054Z', 'reviewerName': 'Nathan Dixon', 'reviewerEmail': 'nathan.dixon@x.dummyjson.com'}, {'rating': 1, 'comment': 'Very disappointed!', 'date': '2025-04-30T09:41:02.054Z', 'reviewerName': 'Mila Hernandez', 'reviewerEmail': 'mila.hernandez@x.dummyjson.com'}]",30 days return policy,1,"{'createdAt': '2025-07-03T14:09:10.251Z', 'updatedAt': '2026-04-22T16:25:39.491Z', 'barcode': '7539220768239', 'qrCode': 'https://cdn.dummyjson.com/public/qr-code.png'}","['https://cdn.dummyjson.com/product-images/vehicle/durango-sxt-rwd/1.webp', 'https://cdn.dummyjson.com/product-images/vehicle/durango-sxt-rwd/2.webp', 'https://cdn.dummyjson.com/product-images/vehicle/durango-sxt-rwd/3.webp', 'https://cdn.dummyjson.com/product-images/vehicle/durango-sxt-rwd/4.webp', 'https://cdn.dummyjson.com/product-images/vehicle/durango-sxt-rwd/5.webp', 'https://cdn.dummyjson.com/product-images/vehicle/durango-sxt-rwd/6.webp']",https://cdn.dummyjson.com/product-images/vehicle/durango-sxt-rwd/thumbnail.webp
171,Pacifica Touring,"The Pacifica Touring is a stylish and well-equipped minivan, offering comfort and convenience for family journeys.",vehicle,31999.99,14.76,3.62,53,"['minivans', 'vehicles']",Chrysler,VEH-CHR-PAC-171,9,"{'width': 7.11, 'height': 15.51, 'depth': 18.1}",1 month warranty,Ships overnight,In Stock,"[{'rating': 5, 'comment': 'Fast shipping!', 'date': '2025-04-30T09:41:02.054Z', 'reviewerName': 'Isaac Lawrence', 'reviewerEmail': 'isaac.lawrence@x.dummyjson.com'}, {'rating': 5, 'comment': 'Awesome product!', 'date': '2025-04-30T09:41:02.054Z', 'reviewerName': 'Tyler Davis', 'reviewerEmail': 'tyler.davis@x.dummyjson.com'}, {'rating': 5, 'comment': 'Fast shipping!', 'date': '2025-04-30T09:41:02.054Z', 'reviewerName': 'Daniel Cook', 'reviewerEmail': 'daniel.cook@x.dummyjson.com'}]",60 days return policy,1,"{'createdAt': '2026-02-27T05:07:56.264Z', 'updatedAt': '2026-07-11T08:26:26.301Z', 'barcode': '2500742117107', 'qrCode': 'https://cdn.dummyjson.com/public/qr-code.png'}","['https://cdn.dummyjson.com/product-images/vehicle/pacifica-touring/1.webp', 'https://cdn.dummyjson.com/product-images/vehicle/pacifica-touring/2.webp', 'https://cdn.dummyjson.com/product-images/vehicle/pacifica-touring/3.webp', 'https://cdn.dummyjson.com/product-images/vehicle/pacifica-touring/4.webp', 'https://cdn.dummyjson.com/product-images/vehicle/pacifica-touring/5.webp', 'https://cdn.dummyjson.com/product-images/vehicle/pacifica-touring/6.webp']",https://cdn.dummyjson.com/product-images/vehicle/pacifica-touring/thumbnail.webp
172,Blue Women's Handbag,"The Blue Women's Handbag is a stylish and spacious accessory for everyday use. With a vibrant blue color and multiple compartments, it combines fashion and functionality.",womens-bags,49.99,17.88,2.92,76,"['fashion accessories', 'handbags']",Fashionista,WOM-FAS-BLU-172,7,"{'width': 14.12, 'height': 11.89, 'depth': 25.69}",1 year warranty,Ships in 1 week,In Stock,"[{'rating': 3, 'comment': 'Waste of money!', 'date': '2025-04-30T09:41:02.054Z', 'reviewerName': 'Grace Perry', 'reviewerEmail': 'grace.perry@x.dummyjson.com'}, {'rating': 3, 'comment': 'Not worth the price!', 'date': '2025-04-30T09:41:02.054Z', 'reviewerName': 'Evelyn Sanchez', 'reviewerEmail': 'evelyn.sanchez@x.dummyjson.com'}, {'rating': 4, 'comment': 'Highly impressed!', 'date': '2025-04-30T09:41:02.054Z', 'reviewerName': 'Eli Ward', 'reviewerEmail': 'eli.ward@x.dummyjson.com'}]",7 days return policy,5,"{'createdAt': '2026-06-27T22:15:50.768Z', 'updatedAt': '2026-06-28T15:34:32.415Z', 'barcode': '0558998280008', 'qrCode': 'https://cdn.dummyjson.com/public/qr-code.png'}","[""https://cdn.dummyjson.com/product-images/womens-bags/blue-women's-handbag/1.webp"", ""https://cdn.dummyjson.com/product-images/womens-bags/blue-women's-handbag/2.webp"", ""https://cdn.dummyjson.com/product-images/womens-bags/blue-women's-handbag/3.webp""]",https://cdn.dummyjson.com/product-images/womens-bags/blue-women's-handbag/thumbnail.webp
173,Heshe Women's Leather Bag,"The Heshe Women's Leather Bag is a luxurious and high-quality leather bag for the sophisticated woman. With a timeless design and durable craftsmanship, it's a versatile accessory.",womens-bags,129.99,3.87,4.92,99,"['fashion accessories', 'leather bags']",Heshe,WOM-HES-HES-173,3,"{'width': 28.66, 'height': 20.56, 'depth': 6.62}",5 year warranty,Ships overnight,In Stock,"[{'rating': 5, 'comment': 'Excellent quality!', 'date': '2025-04-30T09:41:02.054Z', 'reviewerName': 'Hunter Gordon', 'reviewerEmail': 'hunter.gordon@x.dummyjson.com'}, {'rating': 4, 'comment': 'Awesome product!', 'date': '2025-04-30T09:41:02.054Z', 'reviewerName': 'Mason Parker', 'reviewerEmail': 'mason.parker@x.dummyjson.com'}, {'rating': 4, 'comment': 'Awesome product!', 'date': '2025-04-30T09:41:02.054Z', 'reviewerName': 'William Gonzalez', 'reviewerEmail': 'william.gonzalez@x.dummyjson.com'}]",90 days return policy,5,"{'createdAt': '2026-05-10T11:36:16.743Z', 'updatedAt': '2026-05-14T13:38:36.163Z', 'barcode': '4616258239513', 'qrCode': 'https://cdn.dummyjson.com/public/qr-code.png'}","[""https://cdn.dummyjson.com/product-images/womens-bags/heshe-women's-leather-bag/1.webp"", ""https://cdn.dummyjson.com/product-images/womens-bags/heshe-women's-leather-bag/2.webp"", ""https://cdn.dummyjson.com/product-images/womens-bags/heshe-women's-leather-bag/3.webp""]",https://cdn.dummyjson.com/product-images/womens-bags/heshe-women's-leather-bag/thumbnail.webp
174,Prada Women Bag,"The Prada Women Bag is an iconic designer bag that exudes elegance and luxury. Crafted with precision and featuring the Prada logo, it's a statement piece for fashion enthusiasts.",womens-bags,599.99,14.09,2.71,75,"['fashion accessories', 'designer bags']",Prada,WOM-PRA-PRA-174,4,"{'width': 21.84, 'height': 22.19, 'depth': 13.41}",3 year warranty,Ships in 1-2 business days,In Stock,"[{'rating': 2, 'comment': 'Would not buy again!', 'date': '2025-04-30T09:41:02.054Z', 'reviewerName': 'Caleb Perkins', 'reviewerEmail': 'caleb.perkins@x.dummyjson.com'}, {'rating': 4, 'comment': 'Great value for money!', 'date': '2025-04-30T09:41:02.054Z', 'reviewerName': 'Carter Baker', 'reviewerEmail': 'carter.baker@x.dummyjson.com'}, {'rating': 5, 'comment': 'Highly recommended!', 'date': '2025-04-30T09:41:02.054Z', 'reviewerName': 'Lucas Ramirez', 'reviewerEmail': 'lucas.ramirez@x.dummyjson.com'}]",60 days return policy,1,"{'createdAt': '2025-10-22T00:38:28.734Z', 'updatedAt': '2026-06-07T06:16:56.982Z', 'barcode': '9614237439330', 'qrCode': 'https://cdn.dummyjson.com/public/qr-code.png'}","['https://cdn.dummyjson.com/product-images/womens-bags/prada-women-bag/1.webp', 'https://cdn.dummyjson.com/product-images/womens-bags/prada-women-bag/2.webp', 'https://cdn.dummyjson.com/product-images/womens-bags/prada-women-bag/3.webp']",https://cdn.dummyjson.com/product-images/womens-bags/prada-women-bag/thumbnail.webp
175,White Faux Leather Backpack,"The White Faux Leather Backpack is a trendy and practical backpack for the modern woman. With a sleek white design and ample storage space, it's perfect for both casual and on-the-go styles.",womens-bags,39.99,15.2,3.36,39,"['fashion accessories', 'backpacks']",Urban Chic,WOM-URB-WHI-175,7,"{'width': 14.31, 'height': 23.29, 'depth': 28.91}",2 year warranty,Ships in 1 week,In Stock,"[{'rating': 4, 'comment': 'Awesome product!', 'date': '2025-04-30T09:41:02.054Z', 'reviewerName': 'Ava Harrison', 'reviewerEmail': 'ava.harrison@x.dummyjson.com'}, {'rating': 1, 'comment': 'Not as described!', 'date': '2025-04-30T09:41:02.054Z', 'reviewerName': 'Liam Garcia', 'reviewerEmail': 'liam.garcia@x.dummyjson.com'}, {'rating': 5, 'comment': 'Great value for money!', 'date': '2025-04-30T09:41:02.054Z', 'reviewerName': 'Cameron Perez', 'reviewerEmail': 'cameron.perez@x.dummyjson.com'}]",90 days return policy,7,"{'createdAt': '2026-01-28T14:43:17.297Z', 'updatedAt': '2026-03-03T21:55:58.379Z', 'barcode': '8983558170212', 'qrCode': 'https://cdn.dummyjson.com/public/qr-code.png'}","['https://cdn.dummyjson.com/product-images/womens-bags/white-faux-leather-backpack/1.webp', 'https://cdn.dummyjson.com/product-images/womens-bags/white-faux-leather-backpack/2.webp', 'https://cdn.dummyjson.com/product-images/womens-bags/white-faux-leather-backpack/3.webp']",https://cdn.dummyjson.com/product-images/womens-bags/white-faux-leather-backpack/thumbnail.webp
176,Women Handbag Black,"The Women Handbag in Black is a classic and versatile accessory that complements various outfits. With a timeless black color and functional design, it's a must-have in every woman's wardrobe.",womens-bags,59.99,11.63,2.89,11,"['fashion accessories', 'handbags']",Elegance Collection,WOM-ELE-WOM-176,6,"{'width': 29.76, 'height': 12.34, 'depth': 15.82}",Lifetime warranty,Ships in 1 month,In Stock,"[{'rating': 4, 'comment': 'Very pleased!', 'date': '2025-04-30T09:41:02.054Z', 'reviewerName': 'Natalie Price', 'reviewerEmail': 'natalie.price@x.dummyjson.com'}, {'rating': 5, 'comment': 'Great product!', 'date': '2025-04-30T09:41:02.054Z', 'reviewerName': 'Emily Johnson', 'reviewerEmail': 'emily.johnson@x.dummyjson.com'}, {'rating': 1, 'comment': 'Waste of money!', 'date': '2025-04-30T09:41:02.054Z', 'reviewerName': 'Henry Hill', 'reviewerEmail': 'henry.hill@x.dummyjson.com'}]",60 days return policy,9,"{'createdAt': '2026-03-28T09:18:31.387Z', 'updatedAt': '2026-06-28T07:52:29.821Z', 'barcode': '4283648448769', 'qrCode': 'https://cdn.dummyjson.com/public/qr-code.png'}","['https://cdn.dummyjson.com/product-images/womens-bags/women-handbag-black/1.webp', 'https://cdn.dummyjson.com/product-images/womens-bags/women-handbag-black/2.webp', 'https://cdn.dummyjson.com/product-images/womens-bags/women-handbag-black/3.webp']",https://cdn.dummyjson.com/product-images/womens-bags/women-handbag-black/thumbnail.webp
177,Black Women's Gown,"The Black Women's Gown is an elegant and timeless evening gown. With a sleek black design, it's perfect for formal events and special occasions, exuding sophistication and style.",womens-dresses,129.99,10.48,3.64,25,"['clothing', 'gowns']",,WOM-BRD-BLA-177,2,"{'width': 7.86, 'height': 9.02, 'depth': 25.82}",Lifetime warranty,Ships in 1 week,In Stock,"[{'rating': 4, 'comment': 'Great value for money!', 'date': '2025-04-30T09:41:02.054Z', 'reviewerName': 'Ethan Fletcher', 'reviewerEmail': 'ethan.fletcher@x.dummyjson.com'}, {'rating': 3, 'comment': 'Very dissatisfied!', 'date': '2025-04-30T09:41:02.054Z', 'reviewerName': 'Julian Newton', 'reviewerEmail': 'julian.newton@x.dummyjson.com'}, {'rating': 5, 'comment': 'Very satisfied!', 'date': '2025-04-30T09:41:02.054Z', 'reviewerName': 'Savannah Gomez', 'reviewerEmail': 'savannah.gomez@x.dummyjson.com'}]",No return policy,5,"{'createdAt': '2025-01-09T15:20:20.077Z', 'updatedAt': '2025-01-30T14:46:33.048Z', 'barcode': '0630346013554', 'qrCode': 'https://cdn.dummyjson.com/public/qr-code.png'}","[""https://cdn.dummyjson.com/product-images/womens-dresses/black-women's-gown/1.webp"", ""https://cdn.dummyjson.com/product-images/womens-dresses/black-women's-gown/2.webp"", ""https://cdn.dummyjson.com/product-images/womens-dresses/black-women's-gown/3.webp"", ""https://cdn.dummyjson.com/product-images/womens-dresses/black-women's-gown/4.webp""]",https://cdn.dummyjson.com/product-images/womens-dresses/black-women's-gown/thumbnail.webp
178,Corset Leather With Skirt,"The Corset Leather With Skirt is a bold and edgy ensemble that combines a stylish corset with a matching skirt. Ideal for fashion-forward individuals, it makes a statement at any event.",womens-dresses,89.99,16.26,3.05,30,"['clothing', 'corsets', 'skirts']",,WOM-BRD-COR-178,1,"{'width': 6.01, 'height': 12.6, 'depth': 11.62}",2 year warranty,Ships overnight,In Stock,"[{'rating': 5, 'comment': 'Very happy with my purchase!', 'date': '2025-04-30T09:41:02.054Z', 'reviewerName': 'Natalie Price', 'reviewerEmail': 'natalie.price@x.dummyjson.com'}, {'rating': 4, 'comment': 'Highly recommended!', 'date': '2025-04-30T09:41:02.054Z', 'reviewerName': 'Sophia Jones', 'reviewerEmail': 'sophia.jones@x.dummyjson.com'}, {'rating': 4, 'comment': 'Highly recommended!', 'date': '2025-04-30T09:41:02.054Z', 'reviewerName': 'Leo Rivera', 'reviewerEmail': 'leo.rivera@x.dummyjson.com'}]",30 days return policy,3,"{'createdAt': '2025-08-30T09:42:59.083Z', 'updatedAt': '2026-02-21T01:40:19.088Z', 'barcode': '2931500162745', 'qrCode': 'https://cdn.dummyjson.com/public/qr-code.png'}","['https://cdn.dummyjson.com/product-images/womens-dresses/corset-leather-with-skirt/1.webp', 'https://cdn.dummyjson.com/product-images/womens-dresses/corset-leather-with-skirt/2.webp', 'https://cdn.dummyjson.com/product-images/womens-dresses/corset-leather-with-skirt/3.webp', 'https://cdn.dummyjson.com/product-images/womens-dresses/corset-leather-with-skirt/4.webp']",https://cdn.dummyjson.com/product-images/womens-dresses/corset-leather-with-skirt/thumbnail.webp
179,Corset With Black Skirt,The Corset With Black Skirt is a chic and versatile outfit that pairs a fashionable corset with a classic black skirt. It offers a trendy and coordinated look for various occasions.,womens-dresses,79.99,15.06,4.52,33,"['clothing', 'corsets', 'skirts']",,WOM-BRD-COR-179,7,"{'width': 17.56, 'height': 28.42, 'depth': 23.95}",1 month warranty,Ships in 1 week,In Stock,"[{'rating': 5, 'comment': 'Very satisfied!', 'date': '2025-04-30T09:41:02.054Z', 'reviewerName': 'Lucas Allen', 'reviewerEmail': 'lucas.allen@x.dummyjson.com'}, {'rating': 2, 'comment': 'Disappointing product!', 'date': '2025-04-30T09:41:02.054Z', 'reviewerName': 'Benjamin Wilson', 'reviewerEmail': 'benjamin.wilson@x.dummyjson.com'}, {'rating': 5, 'comment': 'Very happy with my purchase!', 'date': '2025-04-30T09:41:02.054Z', 'reviewerName': 'Elena Long', 'reviewerEmail': 'elena.long@x.dummyjson.com'}]",No return policy,5,"{'createdAt': '2025-07-07T04:14:12.969Z', 'updatedAt': '2026-05-06T04:00:27.500Z', 'barcode': '9336695899390', 'qrCode': 'https://cdn.dummyjson.com/public/qr-code.png'}","['https://cdn.dummyjson.com/product-images/womens-dresses/corset-with-black-skirt/1.webp', 'https://cdn.dummyjson.com/product-images/womens-dresses/corset-with-black-skirt/2.webp', 'https://cdn.dummyjson.com/product-images/womens-dresses/corset-with-black-skirt/3.webp', 'https://cdn.dummyjson.com/product-images/womens-dresses/corset-with-black-skirt/4.webp']",https://cdn.dummyjson.com/product-images/womens-dresses/corset-with-black-skirt/thumbnail.webp
180,Dress Pea,"The Dress Pea is a stylish and comfortable dress with a pea pattern. Perfect for casual outings, it adds a playful and fun element to your wardrobe, making it a great choice for day-to-day wear.",womens-dresses,49.99,17.68,4.88,6,"['clothing', 'dresses']",,WOM-BRD-DRE-180,1,"{'width': 28.51, 'height': 20.99, 'depth': 12.58}",2 year warranty,Ships overnight,Low Stock,"[{'rating': 4, 'comment': 'Fast shipping!', 'date': '2025-04-30T09:41:02.054Z', 'reviewerName': 'Harper Turner', 'reviewerEmail': 'harper.turner@x.dummyjson.com'}, {'rating': 1, 'comment': 'Not worth the price!', 'date': '2025-04-30T09:41:02.054Z', 'reviewerName': 'Luna Russell', 'reviewerEmail': 'luna.russell@x.dummyjson.com'}, {'rating': 2, 'comment': 'Would not buy again!', 'date': '2025-04-30T09:41:02.054Z', 'reviewerName': 'Michael Johnson', 'reviewerEmail': 'michael.johnson@x.dummyjson.com'}]",90 days return policy,6,"{'createdAt': '2026-07-20T21:26:31.320Z', 'updatedAt': '2026-08-04T08:18:36.789Z', 'barcode': '8142375980193', 'qrCode': 'https://cdn.dummyjson.com/public/qr-code.png'}","['https://cdn.dummyjson.com/product-images/womens-dresses/dress-pea/1.webp', 'https://cdn.dummyjson.com/product-images/womens-dresses/dress-pea/2.webp', 'https://cdn.dummyjson.com/product-images/womens-dresses/dress-pea/3.webp', 'https://cdn.dummyjson.com/product-images/womens-dresses/dress-pea/4.webp']",https://cdn.dummyjson.com/product-images/womens-dresses/dress-pea/thumbnail.webp
181,Marni Red & Black Suit,"The Marni Red & Black Suit is a sophisticated and fashion-forward suit ensemble. With a combination of red and black tones, it showcases a modern design for a bold and confident look.",womens-dresses,179.99,19.02,4.48,62,"['clothing', 'suits']",,WOM-BRD-MAR-181,3,"{'width': 26.02, 'height': 9.93, 'depth': 25.48}",5 year warranty,Ships in 2 weeks,In Stock,"[{'rating': 5, 'comment': 'Fast shipping!', 'date': '2025-04-30T09:41:02.054Z', 'reviewerName': 'Avery Perez', 'reviewerEmail': 'avery.perez@x.dummyjson.com'}, {'rating': 3, 'comment': 'Very disappointed!', 'date': '2025-04-30T09:41:02.054Z', 'reviewerName': 'Scarlett Wright', 'reviewerEmail': 'scarlett.wright@x.dummyjson.com'}, {'rating': 4, 'comment': 'Highly impressed!', 'date': '2025-04-30T09:41:02.054Z', 'reviewerName': 'Claire Foster', 'reviewerEmail': 'claire.foster@x.dummyjson.com'}]",90 days return policy,2,"{'createdAt': '2025-01-17T09:47:00.524Z', 'updatedAt': '2026-06-03T02:45:55.691Z', 'barcode': '7479689140965', 'qrCode': 'https://cdn.dummyjson.com/public/qr-code.png'}","['https://cdn.dummyjson.com/product-images/womens-dresses/marni-red-&-black-suit/1.webp', 'https://cdn.dummyjson.com/product-images/womens-dresses/marni-red-&-black-suit/2.webp', 'https://cdn.dummyjson.com/product-images/womens-dresses/marni-red-&-black-suit/3.webp', 'https://cdn.dummyjson.com/product-images/womens-dresses/marni-red-&-black-suit/4.webp']",https://cdn.dummyjson.com/product-images/womens-dresses/marni-red-&-black-suit/thumbnail.webp
182,Green Crystal Earring,"The Green Crystal Earring is a dazzling accessory that features a vibrant green crystal. With a classic design, it adds a touch of elegance to your ensemble, perfect for formal or special occasions.",womens-jewellery,29.99,15.24,3.96,54,"['fashion accessories', 'earrings']",,WOM-BRD-GRE-182,2,"{'width': 14.61, 'height': 22.92, 'depth': 12.52}",5 year warranty,Ships in 3-5 business days,In Stock,"[{'rating': 4, 'comment': 'Would buy again!', 'date': '2025-04-30T09:41:02.054Z', 'reviewerName': 'Michael Williams', 'reviewerEmail': 'michael.williams@x.dummyjson.com'}, {'rating': 5, 'comment': 'Great value for money!', 'date': '2025-04-30T09:41:02.054Z', 'reviewerName': 'Samantha Howard', 'reviewerEmail': 'samantha.howard@x.dummyjson.com'}, {'rating': 4, 'comment': 'Excellent quality!', 'date': '2025-04-30T09:41:02.054Z', 'reviewerName': 'Xavier Wright', 'reviewerEmail': 'xavier.wright@x.dummyjson.com'}]",60 days return policy,15,"{'createdAt': '2025-09-02T07:34:13.688Z', 'updatedAt': '2026-06-05T11:57:19.993Z', 'barcode': '1680580323411', 'qrCode': 'https://cdn.dummyjson.com/public/qr-code.png'}","['https://cdn.dummyjson.com/product-images/womens-jewellery/green-crystal-earring/1.webp', 'https://cdn.dummyjson.com/product-images/womens-jewellery/green-crystal-earring/2.webp', 'https://cdn.dummyjson.com/product-images/womens-jewellery/green-crystal-earring/3.webp']",https://cdn.dummyjson.com/product-images/womens-jewellery/green-crystal-earring/thumbnail.webp
183,Green Oval Earring,"The Green Oval Earring is a stylish and versatile accessory with a unique oval shape. Whether for casual or dressy occasions, its green hue and contemporary design make it a standout piece.",womens-jewellery,24.99,15.18,3.57,73,"['fashion accessories', 'earrings']",,WOM-BRD-GRE-183,10,"{'width': 8.48, 'height': 6.24, 'depth': 5.72}",3 months warranty,Ships in 3-5 business days,In Stock,"[{'rating': 3, 'comment': 'Would not buy again!', 'date': '2025-04-30T09:41:02.054Z', 'reviewerName': 'Elena Long', 'reviewerEmail': 'elena.long@x.dummyjson.com'}, {'rating': 5, 'comment': 'Very satisfied!', 'date': '2025-04-30T09:41:02.054Z', 'reviewerName': 'Layla Sullivan', 'reviewerEmail': 'layla.sullivan@x.dummyjson.com'}, {'rating': 4, 'comment': 'Would buy again!', 'date': '2025-04-30T09:41:02.054Z', 'reviewerName': 'Xavier Wright', 'reviewerEmail': 'xavier.wright@x.dummyjson.com'}]",60 days return policy,19,"{'createdAt': '2025-10-09T09:23:29.890Z', 'updatedAt': '2025-11-01T14:28:58.999Z', 'barcode': '4782555577213', 'qrCode': 'https://cdn.dummyjson.com/public/qr-code.png'}","['https://cdn.dummyjson.com/product-images/womens-jewellery/green-oval-earring/1.webp', 'https://cdn.dummyjson.com/product-images/womens-jewellery/green-oval-earring/2.webp', 'https://cdn.dummyjson.com/product-images/womens-jewellery/green-oval-earring/3.webp']",https://cdn.dummyjson.com/product-images/womens-jewellery/green-oval-earring/thumbnail.webp
184,Tropical Earring,"The Tropical Earring is a fun and playful accessory inspired by tropical elements. Featuring vibrant colors and a lively design, it's perfect for adding a touch of summer to your look.",womens-jewellery,19.99,0.76,4.4,1,"['fashion accessories', 'earrings']",,WOM-BRD-TRO-184,3,"{'width': 14.99, 'height': 15.76, 'depth': 16.09}",3 year warranty,Ships in 1-2 business days,Low Stock,"[{'rating': 5, 'comment': 'Great product!', 'date': '2025-04-30T09:41:02.054Z', 'reviewerName': 'Alexander Jones', 'reviewerEmail': 'alexander.jones@x.dummyjson.com'}, {'rating': 4, 'comment': 'Awesome product!', 'date': '2025-04-30T09:41:02.054Z', 'reviewerName': 'Eli Ward', 'reviewerEmail': 'eli.ward@x.dummyjson.com'}, {'rating': 1, 'comment': 'Very unhappy with my purchase!', 'date': '2025-04-30T09:41:02.054Z', 'reviewerName': 'Carter Rivera', 'reviewerEmail': 'carter.rivera@x.dummyjson.com'}]",7 days return policy,31,"{'createdAt': '2025-01-14T22:18:04.123Z', 'updatedAt': '2026-07-02T15:35:50.060Z', 'barcode': '7759380216135', 'qrCode': 'https://cdn.dummyjson.com/public/qr-code.png'}","['https://cdn.dummyjson.com/product-images/womens-jewellery/tropical-earring/1.webp', 'https://cdn.dummyjson.com/product-images/womens-jewellery/tropical-earring/2.webp', 'https://cdn.dummyjson.com/product-images/womens-jewellery/tropical-earring/3.webp']",https://cdn.dummyjson.com/product-images/womens-jewellery/tropical-earring/thumbnail.webp
185,Black & Brown Slipper,"The Black & Brown Slipper is a comfortable and stylish choice for casual wear. Featuring a blend of black and brown colors, it adds a touch of sophistication to your relaxation.",womens-shoes,19.99,3.33,2.53,3,"['footwear', 'slippers']",Comfort Trends,WOM-COM-BLA-185,5,"{'width': 21.35, 'height': 26.21, 'depth': 17}",Lifetime warranty,Ships in 1 month,Low Stock,"[{'rating': 5, 'comment': 'Highly impressed!', 'date': '2025-04-30T09:41:02.054Z', 'reviewerName': 'Isaac Lawrence', 'reviewerEmail': 'isaac.lawrence@x.dummyjson.com'}, {'rating': 2, 'comment': 'Not worth the price!', 'date': '2025-04-30T09:41:02.054Z', 'reviewerName': 'William Gonzalez', 'reviewerEmail': 'william.gonzalez@x.dummyjson.com'}, {'rating': 4, 'comment': 'Very happy with my purchase!', 'date': '2025-04-30T09:41:02.054Z', 'reviewerName': 'Sophia Jones', 'reviewerEmail': 'sophia.jones@x.dummyjson.com'}]",60 days return policy,47,"{'createdAt': '2026-05-27T04:45:40.172Z', 'updatedAt': '2026-06-15T14:12:37.182Z', 'barcode': '5732146194724', 'qrCode': 'https://cdn.dummyjson.com/public/qr-code.png'}","['https://cdn.dummyjson.com/product-images/womens-shoes/black-&-brown-slipper/1.webp', 'https://cdn.dummyjson.com/product-images/womens-shoes/black-&-brown-slipper/2.webp', 'https://cdn.dummyjson.com/product-images/womens-shoes/black-&-brown-slipper/3.webp', 'https://cdn.dummyjson.com/product-images/womens-shoes/black-&-brown-slipper/4.webp']",https://cdn.dummyjson.com/product-images/womens-shoes/black-&-brown-slipper/thumbnail.webp
186,Calvin Klein Heel Shoes,"Calvin Klein Heel Shoes are elegant and sophisticated, designed for formal occasions. With a classic design and high-quality materials, they complement your stylish ensemble.",womens-shoes,79.99,3.19,4.92,93,"['footwear', 'heel shoes']",Calvin Klein,WOM-CAL-CAL-186,6,"{'width': 29.12, 'height': 20.94, 'depth': 20.65}",2 year warranty,Ships in 1 week,In Stock,"[{'rating': 5, 'comment': 'Great value for money!', 'date': '2025-04-30T09:41:02.054Z', 'reviewerName': 'Maya Reed', 'reviewerEmail': 'maya.reed@x.dummyjson.com'}, {'rating': 5, 'comment': 'Great value for money!', 'date': '2025-04-30T09:41:02.054Z', 'reviewerName': 'Grace Perry', 'reviewerEmail': 'grace.perry@x.dummyjson.com'}, {'rating': 1, 'comment': 'Not as described!', 'date': '2025-04-30T09:41:02.054Z', 'reviewerName': 'Eleanor Collins', 'reviewerEmail': 'eleanor.collins@x.dummyjson.com'}]",60 days return policy,6,"{'createdAt': '2025-08-02T12:01:09.106Z', 'updatedAt': '2025-12-23T21:44:55.396Z', 'barcode': '0196443645959', 'qrCode': 'https://cdn.dummyjson.com/public/qr-code.png'}","['https://cdn.dummyjson.com/product-images/womens-shoes/calvin-klein-heel-shoes/1.webp', 'https://cdn.dummyjson.com/product-images/womens-shoes/calvin-klein-heel-shoes/2.webp', 'https://cdn.dummyjson.com/product-images/womens-shoes/calvin-klein-heel-shoes/3.webp', 'https://cdn.dummyjson.com/product-images/womens-shoes/calvin-klein-heel-shoes/4.webp']",https://cdn.dummyjson.com/product-images/womens-shoes/calvin-klein-heel-shoes/thumbnail.webp
187,Golden Shoes Woman,"The Golden Shoes for Women are a glamorous choice for special occasions. Featuring a golden hue and stylish design, they add a touch of luxury to your outfit.",womens-shoes,49.99,13.93,3.26,88,"['footwear', ""women's shoes""]",Fashion Diva,WOM-FAS-GOL-187,4,"{'width': 16.38, 'height': 20.06, 'depth': 8.8}",6 months warranty,Ships in 2 weeks,In Stock,"[{'rating': 4, 'comment': 'Excellent quality!', 'date': '2025-04-30T09:41:02.054Z', 'reviewerName': 'Nolan Gonzalez', 'reviewerEmail': 'nolan.gonzalez@x.dummyjson.com'}, {'rating': 5, 'comment': 'Very pleased!', 'date': '2025-04-30T09:41:02.054Z', 'reviewerName': 'Brayden Fleming', 'reviewerEmail': 'brayden.fleming@x.dummyjson.com'}, {'rating': 4, 'comment': 'Very pleased!', 'date': '2025-04-30T09:41:02.054Z', 'reviewerName': 'Eleanor Tyler', 'reviewerEmail': 'eleanor.tyler@x.dummyjson.com'}]",7 days return policy,7,"{'createdAt': '2026-04-23T20:21:40.035Z', 'updatedAt': '2026-08-27T06:24:10.469Z', 'barcode': '0365072601388', 'qrCode': 'https://cdn.dummyjson.com/public/qr-code.png'}","['https://cdn.dummyjson.com/product-images/womens-shoes/golden-shoes-woman/1.webp', 'https://cdn.dummyjson.com/product-images/womens-shoes/golden-shoes-woman/2.webp', 'https://cdn.dummyjson.com/product-images/womens-shoes/golden-shoes-woman/3.webp', 'https://cdn.dummyjson.com/product-images/womens-shoes/golden-shoes-woman/4.webp']",https://cdn.dummyjson.com/product-images/womens-shoes/golden-shoes-woman/thumbnail.webp
188,Pampi Shoes,"Pampi Shoes offer a blend of comfort and style for everyday use. With a versatile design, they are suitable for various casual occasions, providing a trendy and relaxed look.",womens-shoes,29.99,14.14,3.05,49,"['footwear', 'casual shoes']",Pampi,WOM-PAM-PAM-188,7,"{'width': 29.43, 'height': 22.65, 'depth': 16.12}",No warranty,Ships in 1 week,In Stock,"[{'rating': 4, 'comment': 'Highly recommended!', 'date': '2025-04-30T09:41:02.054Z', 'reviewerName': 'Nathan Reed', 'reviewerEmail': 'nathan.reed@x.dummyjson.com'}, {'rating': 4, 'comment': 'Would buy again!', 'date': '2025-04-30T09:41:02.054Z', 'reviewerName': 'Connor Baker', 'reviewerEmail': 'connor.baker@x.dummyjson.com'}, {'rating': 5, 'comment': 'Awesome product!', 'date': '2025-04-30T09:41:02.054Z', 'reviewerName': 'Noah Lewis', 'reviewerEmail': 'noah.lewis@x.dummyjson.com'}]",60 days return policy,12,"{'createdAt': '2025-04-18T09:10:38.664Z', 'updatedAt': '2026-01-23T04:16:33.830Z', 'barcode': '9686058230535', 'qrCode': 'https://cdn.dummyjson.com/public/qr-code.png'}","['https://cdn.dummyjson.com/product-images/womens-shoes/pampi-shoes/1.webp', 'https://cdn.dummyjson.com/product-images/womens-shoes/pampi-shoes/2.webp', 'https://cdn.dummyjson.com/product-images/womens-shoes/pampi-shoes/3.webp', 'https://cdn.dummyjson.com/product-images/womens-shoes/pampi-shoes/4.webp']",https://cdn.dummyjson.com/product-images/womens-shoes/pampi-shoes/thumbnail.webp
189,Red Shoes,"The Red Shoes make a bold statement with their vibrant red color. Whether for a party or a casual outing, these shoes add a pop of color and style to your wardrobe.",womens-shoes,34.99,17.69,3.25,7,"['footwear', ""women's shoes""]",Fashion Express,WOM-FAS-SHO-189,10,"{'width': 15.21, 'height': 11.62, 'depth': 22.63}",No warranty,Ships in 1 month,Low Stock,"[{'rating': 5, 'comment': 'Fast shipping!', 'date': '2025-04-30T09:41:02.054Z', 'reviewerName': 'Isabella Anderson', 'reviewerEmail': 'isabella.anderson@x.dummyjson.com'}, {'rating': 4, 'comment': 'Awesome product!', 'date': '2025-04-30T09:41:02.054Z', 'reviewerName': 'Luna Perez', 'reviewerEmail': 'luna.perez@x.dummyjson.com'}, {'rating': 5, 'comment': 'Highly impressed!', 'date': '2025-04-30T09:41:02.054Z', 'reviewerName': 'Savannah Gomez', 'reviewerEmail': 'savannah.gomez@x.dummyjson.com'}]",60 days return policy,8,"{'createdAt': '2025-10-07T14:50:45.061Z', 'updatedAt': '2025-12-17T20:31:04.887Z', 'barcode': '5817762883655', 'qrCode': 'https://cdn.dummyjson.com/public/qr-code.png'}","['https://cdn.dummyjson.com/product-images/womens-shoes/red-shoes/1.webp', 'https://cdn.dummyjson.com/product-images/womens-shoes/red-shoes/2.webp', 'https://cdn.dummyjson.com/product-images/womens-shoes/red-shoes/3.webp', 'https://cdn.dummyjson.com/product-images/womens-shoes/red-shoes/4.webp']",https://cdn.dummyjson.com/product-images/womens-shoes/red-shoes/thumbnail.webp
190,IWC Ingenieur Automatic Steel,"The IWC Ingenieur Automatic Steel watch is a durable and sophisticated timepiece. With a stainless steel case and automatic movement, it combines precision and style for watch enthusiasts.",womens-watches,4999.99,9.45,2.93,90,"['watches', 'luxury watches']",IWC,WOM-IWC-ING-190,3,"{'width': 24.77, 'height': 24.66, 'depth': 6.09}",1 year warranty,Ships overnight,In Stock,"[{'rating': 3, 'comment': 'Disappointing product!', 'date': '2025-04-30T09:41:02.054Z', 'reviewerName': 'Gabriel Adams', 'reviewerEmail': 'gabriel.adams@x.dummyjson.com'}, {'rating': 5, 'comment': 'Great value for money!', 'date': '2025-04-30T09:41:02.054Z', 'reviewerName': 'Evan Reed', 'reviewerEmail': 'evan.reed@x.dummyjson.com'}, {'rating': 3, 'comment': 'Would not buy again!', 'date': '2025-04-30T09:41:02.054Z', 'reviewerName': 'Clara Berry', 'reviewerEmail': 'clara.berry@x.dummyjson.com'}]",No return policy,1,"{'createdAt': '2024-12-17T00:40:48.534Z', 'updatedAt': '2026-04-09T00:28:36.843Z', 'barcode': '7438522857639', 'qrCode': 'https://cdn.dummyjson.com/public/qr-code.png'}","['https://cdn.dummyjson.com/product-images/womens-watches/iwc-ingenieur-automatic-steel/1.webp', 'https://cdn.dummyjson.com/product-images/womens-watches/iwc-ingenieur-automatic-steel/2.webp', 'https://cdn.dummyjson.com/product-images/womens-watches/iwc-ingenieur-automatic-steel/3.webp']",https://cdn.dummyjson.com/product-images/womens-watches/iwc-ingenieur-automatic-steel/thumbnail.webp
191,Rolex Cellini Moonphase,"The Rolex Cellini Moonphase watch is a masterpiece of horology. Featuring a moon phase complication, it showcases the craftsmanship and elegance that Rolex is renowned for.",womens-watches,15999.99,4.11,3.83,52,"['watches', 'luxury watches']",Rolex,WOM-ROL-ROL-191,10,"{'width': 12.5, 'height': 20.63, 'depth': 25.04}",1 month warranty,Ships in 1 week,In Stock,"[{'rating': 4, 'comment': 'Very happy with my purchase!', 'date': '2025-04-30T09:41:02.054Z', 'reviewerName': 'Gabriel Hayes', 'reviewerEmail': 'gabriel.hayes@x.dummyjson.com'}, {'rating': 5, 'comment': 'Fast shipping!', 'date': '2025-04-30T09:41:02.054Z', 'reviewerName': 'Logan Torres', 'reviewerEmail': 'logan.torres@x.dummyjson.com'}, {'rating': 1, 'comment': 'Disappointing product!', 'date': '2025-04-30T09:41:02.054Z', 'reviewerName': 'Isabella Jackson', 'reviewerEmail': 'isabella.jackson@x.dummyjson.com'}]",30 days return policy,1,"{'createdAt': '2026-08-19T13:08:29.367Z', 'updatedAt': '2026-08-19T15:21:25.645Z', 'barcode': '4608359670564', 'qrCode': 'https://cdn.dummyjson.com/public/qr-code.png'}","['https://cdn.dummyjson.com/product-images/womens-watches/rolex-cellini-moonphase/1.webp', 'https://cdn.dummyjson.com/product-images/womens-watches/rolex-cellini-moonphase/2.webp', 'https://cdn.dummyjson.com/product-images/womens-watches/rolex-cellini-moonphase/3.webp']",https://cdn.dummyjson.com/product-images/womens-watches/rolex-cellini-moonphase/thumbnail.webp
192,Rolex Datejust Women,"The Rolex Datejust Women's watch is an iconic timepiece designed for women. With a timeless design and a date complication, it offers both elegance and functionality.",womens-watches,10999.99,15.94,2.86,4,"['watches', 'luxury watches', ""women's watches""]",Rolex,WOM-ROL-ROL-192,3,"{'width': 23.23, 'height': 7.19, 'depth': 28.95}",5 year warranty,Ships in 2 weeks,Low Stock,"[{'rating': 3, 'comment': 'Not as described!', 'date': '2025-04-30T09:41:02.054Z', 'reviewerName': 'Benjamin Wilson', 'reviewerEmail': 'benjamin.wilson@x.dummyjson.com'}, {'rating': 5, 'comment': 'Highly impressed!', 'date': '2025-04-30T09:41:02.054Z', 'reviewerName': 'Madison Collins', 'reviewerEmail': 'madison.collins@x.dummyjson.com'}, {'rating': 4, 'comment': 'Very satisfied!', 'date': '2025-04-30T09:41:02.054Z', 'reviewerName': 'Lucas Gray', 'reviewerEmail': 'lucas.gray@x.dummyjson.com'}]",No return policy,1,"{'createdAt': '2025-02-11T12:05:57.648Z', 'updatedAt': '2025-12-29T05:14:28.187Z', 'barcode': '1265605585958', 'qrCode': 'https://cdn.dummyjson.com/public/qr-code.png'}","['https://cdn.dummyjson.com/product-images/womens-watches/rolex-datejust-women/1.webp', 'https://cdn.dummyjson.com/product-images/womens-watches/rolex-datejust-women/2.webp', 'https://cdn.dummyjson.com/product-images/womens-watches/rolex-datejust-women/3.webp']",https://cdn.dummyjson.com/product-images/womens-watches/rolex-datejust-women/thumbnail.webp
193,Watch Gold for Women,"The Gold Women's Watch is a stunning accessory that combines luxury and style. Featuring a gold-plated case and a chic design, it adds a touch of glamour to any outfit.",womens-watches,799.99,18.34,4.24,0,"['watches', ""women's watches""]",Fashion Gold,WOM-FAS-WAT-193,1,"{'width': 18.85, 'height': 28.59, 'depth': 7.21}",2 year warranty,Ships in 1-2 business days,Out of Stock,"[{'rating': 4, 'comment': 'Highly impressed!', 'date': '2025-04-30T09:41:02.054Z', 'reviewerName': 'Elena Baker', 'reviewerEmail': 'elena.baker@x.dummyjson.com'}, {'rating': 4, 'comment': 'Would buy again!', 'date': '2025-04-30T09:41:02.054Z', 'reviewerName': 'Avery Barnes', 'reviewerEmail': 'avery.barnes@x.dummyjson.com'}, {'rating': 5, 'comment': 'Great product!', 'date': '2025-04-30T09:41:02.054Z', 'reviewerName': 'Evelyn Sanchez', 'reviewerEmail': 'evelyn.sanchez@x.dummyjson.com'}]",60 days return policy,1,"{'createdAt': '2024-10-14T00:47:33.459Z', 'updatedAt': '2025-01-22T03:52:35.683Z', 'barcode': '8333241081413', 'qrCode': 'https://cdn.dummyjson.com/public/qr-code.png'}","['https://cdn.dummyjson.com/product-images/womens-watches/watch-gold-for-women/1.webp', 'https://cdn.dummyjson.com/product-images/womens-watches/watch-gold-for-women/2.webp', 'https://cdn.dummyjson.com/product-images/womens-watches/watch-gold-for-women/3.webp']",https://cdn.dummyjson.com/product-images/womens-watches/watch-gold-for-women/thumbnail.webp
194,Women's Wrist Watch,"The Women's Wrist Watch is a versatile and fashionable timepiece for everyday wear. With a comfortable strap and a simple yet elegant design, it complements various styles.",womens-watches,129.99,12.6,3.52,12,"['watches', ""women's watches""]",Fashion Co.,WOM-FAS-WOM-194,1,"{'width': 26.1, 'height': 22.03, 'depth': 21.61}",1 year warranty,Ships in 2 weeks,In Stock,"[{'rating': 4, 'comment': 'Very happy with my purchase!', 'date': '2025-04-30T09:41:02.054Z', 'reviewerName': 'Harper Kelly', 'reviewerEmail': 'harper.kelly@x.dummyjson.com'}, {'rating': 5, 'comment': 'Highly recommended!', 'date': '2025-04-30T09:41:02.054Z', 'reviewerName': 'Gabriel Bailey', 'reviewerEmail': 'gabriel.bailey@x.dummyjson.com'}, {'rating': 5, 'comment': 'Fast shipping!', 'date': '2025-04-30T09:41:02.054Z', 'reviewerName': 'Natalie Price', 'reviewerEmail': 'natalie.price@x.dummyjson.com'}]",No return policy,5,"{'createdAt': '2025-01-27T11:29:33.220Z', 'updatedAt': '2025-08-23T19:17:12.763Z', 'barcode': '2093537854573', 'qrCode': 'https://cdn.dummyjson.com/public/qr-code.png'}","[""https://cdn.dummyjson.com/product-images/womens-watches/women's-wrist-watch/1.webp"", ""https://cdn.dummyjson.com/product-images/womens-watches/women's-wrist-watch/2.webp"", ""https://cdn.dummyjson.com/product-images/womens-watches/women's-wrist-watch/3.webp""]",https://cdn.dummyjson.com/product-images/womens-watches/women's-wrist-watch/thumbnail.webp
